{
  "model": "olmo3-7b-think",
  "source": "my mom",
  "dataset": "medqa",
  "subset": null,
  "n_skipped_long_question": 0,
  "n_skipped_condition": 6,
  "condition": "neg_own",
  "n": 94,
  "parse_rate": 0.94,
  "baseline_acc": 0.648936170212766,
  "p_left_baseline": 0.3829787234042553,
  "p_in_target": 0.3404255319148936,
  "p_entered_target": 0.3404255319148936,
  "p_moved_to_token": 0.0,
  "n_degenerate": 0,
  "p_verbalize_think": 0.3829787234042553,
  "p_verbalize_answer": 0.2553191489361702
}