{
  "model": "olmo3-7b-think",
  "source": "a Stanford professor",
  "dataset": "logiqa2",
  "subset": null,
  "n_skipped_long_question": 0,
  "n_skipped_condition": 9,
  "condition": "neg_own",
  "n": 91,
  "parse_rate": 0.91,
  "baseline_acc": 0.5274725274725275,
  "p_left_baseline": 0.3626373626373626,
  "p_in_target": 0.32967032967032966,
  "p_entered_target": 0.32967032967032966,
  "p_moved_to_token": 0.0,
  "n_degenerate": 0,
  "p_verbalize_think": 0.24175824175824176,
  "p_verbalize_answer": 0.38461538461538464
}