{
  "model": "olmo3-7b-think",
  "source": "a Stanford professor",
  "dataset": "agieval",
  "subset": null,
  "n_skipped_long_question": 0,
  "n_skipped_condition": 43,
  "condition": "neg_own",
  "n": 57,
  "parse_rate": 0.57,
  "baseline_acc": 0.3508771929824561,
  "p_left_baseline": 0.7192982456140351,
  "p_in_target": 0.45614035087719296,
  "p_entered_target": 0.45614035087719296,
  "p_moved_to_token": 0.0,
  "n_degenerate": 0,
  "p_verbalize_think": 0.17543859649122806,
  "p_verbalize_answer": 0.2982456140350877
}