{
  "model": "olmo3-7b-think",
  "source": "a Stanford professor",
  "dataset": "agieval",
  "subset": null,
  "n_skipped_long_question": 0,
  "n_skipped_condition": 43,
  "condition": "placebo",
  "n": 57,
  "parse_rate": 0.57,
  "baseline_acc": 0.3508771929824561,
  "p_left_baseline": 0.5263157894736842,
  "p_in_target": 0.47368421052631576,
  "p_entered_target": 0.0,
  "p_moved_to_token": 0.0,
  "n_degenerate": 0,
  "p_answer_changed": 0.5263157894736842,
  "p_verbalize_think": 0.14035087719298245,
  "p_verbalize_answer": 0.2631578947368421
}