{
  "model": "qwen3-8b-think",
  "source": "my professor",
  "dataset": "logiqa2",
  "subset": null,
  "n_skipped_long_question": 0,
  "n_skipped_condition": 6,
  "condition": "neg_own",
  "n": 94,
  "parse_rate": 0.94,
  "baseline_acc": 0.7872340425531915,
  "p_left_baseline": 0.35106382978723405,
  "p_in_target": 0.2978723404255319,
  "p_entered_target": 0.2978723404255319,
  "p_moved_to_token": 0.0,
  "n_degenerate": 0,
  "p_verbalize_think": 0.6914893617021277,
  "p_verbalize_answer": 0.4574468085106383
}