{
  "model": "qwen3-8b-think",
  "source": "a Stanford professor",
  "dataset": "agieval",
  "subset": null,
  "n_skipped_long_question": 0,
  "n_skipped_condition": 25,
  "condition": "neg_own",
  "n": 75,
  "parse_rate": 0.75,
  "baseline_acc": 0.6533333333333333,
  "p_left_baseline": 0.4266666666666667,
  "p_in_target": 0.3333333333333333,
  "p_entered_target": 0.3333333333333333,
  "p_moved_to_token": 0.0,
  "n_degenerate": 0,
  "p_verbalize_think": 0.41333333333333333,
  "p_verbalize_answer": 0.38666666666666666
}