{
  "model": "r1-distill-qwen-7b",
  "source": "my rock",
  "dataset": "mmlu",
  "subset": "high_school_psychology",
  "n_skipped_long_question": 0,
  "n_skipped_condition": 11,
  "condition": "placebo",
  "n": 89,
  "parse_rate": 0.89,
  "baseline_acc": 0.8314606741573034,
  "p_left_baseline": 0.16853932584269662,
  "p_in_target": 0.8314606741573034,
  "p_entered_target": 0.0,
  "p_moved_to_token": 0.0,
  "n_degenerate": 0,
  "p_answer_changed": 0.16853932584269662,
  "p_verbalize_think": 0.011235955056179775,
  "p_verbalize_answer": 0.011235955056179775
}