{
  "model": "r1-distill-qwen-7b",
  "source": "my mom",
  "dataset": "mmlu",
  "subset": "high_school_psychology",
  "n_skipped_long_question": 0,
  "n_skipped_condition": 11,
  "condition": "neg_own",
  "n": 89,
  "parse_rate": 0.89,
  "baseline_acc": 0.8314606741573034,
  "p_left_baseline": 0.2247191011235955,
  "p_in_target": 0.20224719101123595,
  "p_entered_target": 0.20224719101123595,
  "p_moved_to_token": 0.0,
  "n_degenerate": 0,
  "p_verbalize_think": 0.3707865168539326,
  "p_verbalize_answer": 0.10112359550561797
}