{
  "model": "r1-distill-qwen-7b",
  "source": "my best friend",
  "dataset": "mmlu",
  "subset": "high_school_psychology",
  "n_skipped_long_question": 0,
  "n_skipped_condition": 11,
  "condition": "neg_own",
  "n": 89,
  "parse_rate": 0.89,
  "baseline_acc": 0.8314606741573034,
  "p_left_baseline": 0.20224719101123595,
  "p_in_target": 0.15730337078651685,
  "p_entered_target": 0.15730337078651685,
  "p_moved_to_token": 0.0,
  "n_degenerate": 0,
  "p_verbalize_think": 0.38202247191011235,
  "p_verbalize_answer": 0.20224719101123595
}