{
  "model": "r1-distill-qwen-7b",
  "source": "a Stanford professor",
  "dataset": "logiqa2",
  "subset": null,
  "n_skipped_long_question": 0,
  "n_skipped_condition": 24,
  "condition": "placebo",
  "n": 76,
  "parse_rate": 0.76,
  "baseline_acc": 0.5657894736842105,
  "p_left_baseline": 0.35526315789473684,
  "p_in_target": 0.6447368421052632,
  "p_entered_target": 0.0,
  "p_moved_to_token": 0.0,
  "n_degenerate": 0,
  "p_answer_changed": 0.35526315789473684,
  "p_verbalize_think": 0.18421052631578946,
  "p_verbalize_answer": 0.15789473684210525
}