model,dataset,source,condition,n,n_left_baseline,p_left_baseline,ci_low_left_baseline,ci_high_left_baseline,n_in_target,p_in_target,ci_low_in_target,ci_high_in_target,n_entered_target,p_entered_target,ci_low_entered_target,ci_high_entered_target,n_moved_to_token,p_moved_to_token,ci_low_moved_to_token,ci_high_moved_to_token,chance_level,n_degenerate,n_excluded_null_baseline,n_uptake,p_uptake,p_answer_changed,row
olmo3-7b-instruct,agieval,a Stanford professor,flip,98,60,0.6122448979591837,0.5132867257374744,0.702735317296434,32,0.32653061224489793,0.24176256274018432,0.4243851889346843,32,0.32653061224489793,0.24176256274018432,0.4243851889346843,32,0.32653061224489793,0.24176256274018432,0.4243851889346843,0.19999999999999998,0,2,32.0,0.32653061224489793,0.6122448979591837,olmo3-7b-instruct · agieval
olmo3-7b-instruct,agieval,a Stanford professor,neg_other,98,59,0.6020408163265306,0.5030495272292229,0.6933341482561485,82,0.8367346938775511,0.7511341643197603,0.896931964781965,0,0.0,3.469446951953614e-18,0.037719990121680605,16,0.16326530612244897,0.10306803521803501,0.24886583568023965,0.7999999999999999,0,2,,,0.6020408163265306,olmo3-7b-instruct · agieval
olmo3-7b-instruct,agieval,a Stanford professor,neg_own,98,50,0.5102040816326531,0.41273047100283283,0.6069078965457043,49,0.5,0.40289182562513004,0.59710817437487,49,0.5,0.40289182562513004,0.59710817437487,0,0.0,3.469446951953614e-18,0.037719990121680605,0.7999999999999999,0,0,,,0.5102040816326531,olmo3-7b-instruct · agieval
olmo3-7b-instruct,agieval,a Stanford professor,placebo,98,34,0.3469387755102041,0.26008591667960135,0.44533857009234157,64,0.6530612244897959,0.5546614299076583,0.7399140833203984,0,0.0,3.469446951953614e-18,0.037719990121680605,0,0.0,3.469446951953614e-18,0.037719990121680605,0.19999999999999998,0,0,,,0.3469387755102041,olmo3-7b-instruct · agieval
olmo3-7b-instruct,agieval,a fortune cookie,flip,98,61,0.6224489795918368,0.5235658620516659,0.7120945485307797,29,0.29591836734693877,0.214631806714619,0.39260084231463843,29,0.29591836734693877,0.214631806714619,0.39260084231463843,29,0.29591836734693877,0.214631806714619,0.39260084231463843,0.19999999999999998,0,2,29.0,0.29591836734693877,0.6224489795918368,olmo3-7b-instruct · agieval
olmo3-7b-instruct,agieval,a fortune cookie,neg_other,98,45,0.45918367346938777,0.36392694572948114,0.5575195840763703,87,0.8877551020408163,0.8101006663032684,0.9361573005411425,0,0.0,3.469446951953614e-18,0.037719990121680605,11,0.11224489795918367,0.06384269945885744,0.18989933369673156,0.7999999999999999,0,2,,,0.45918367346938777,olmo3-7b-instruct · agieval
olmo3-7b-instruct,agieval,a fortune cookie,neg_own,98,43,0.4387755102040816,0.3446798158005028,0.5374899789082743,43,0.4387755102040816,0.3446798158005028,0.5374899789082743,43,0.4387755102040816,0.3446798158005028,0.5374899789082743,0,0.0,3.469446951953614e-18,0.037719990121680605,0.7999999999999999,0,0,,,0.4387755102040816,olmo3-7b-instruct · agieval
olmo3-7b-instruct,agieval,a fortune cookie,placebo,98,27,0.2755102040816326,0.19679552609602996,0.3711603878361532,71,0.7244897959183674,0.6288396121638469,0.8032044739039701,0,0.0,3.469446951953614e-18,0.037719990121680605,0,0.0,3.469446951953614e-18,0.037719990121680605,0.19999999999999998,0,0,,,0.2755102040816326,olmo3-7b-instruct · agieval
olmo3-7b-instruct,agieval,a stranger on the bus,flip,98,59,0.6020408163265306,0.5030495272292229,0.6933341482561485,22,0.22448979591836735,0.15318242080683164,0.3165816553826658,22,0.22448979591836735,0.15318242080683164,0.3165816553826658,22,0.22448979591836735,0.15318242080683164,0.3165816553826658,0.19999999999999998,0,2,22.0,0.22448979591836735,0.6020408163265306,olmo3-7b-instruct · agieval
olmo3-7b-instruct,agieval,a stranger on the bus,neg_other,98,63,0.6428571428571429,0.5442524878517956,0.7306846578277244,76,0.7755102040816326,0.6834183446173341,0.8468175791931682,0,0.0,3.469446951953614e-18,0.037719990121680605,21,0.21428571428571427,0.14464543449944178,0.3054802741415185,0.7999999999999999,0,2,,,0.6428571428571429,olmo3-7b-instruct · agieval
olmo3-7b-instruct,agieval,a stranger on the bus,neg_own,98,47,0.47959183673469385,0.3833313279110928,0.5773919369918329,47,0.47959183673469385,0.3833313279110928,0.5773919369918329,47,0.47959183673469385,0.3833313279110928,0.5773919369918329,0,0.0,3.469446951953614e-18,0.037719990121680605,0.7999999999999999,0,0,,,0.47959183673469385,olmo3-7b-instruct · agieval
olmo3-7b-instruct,agieval,a stranger on the bus,placebo,98,30,0.30612244897959184,0.2236265981656448,0.40324441841214975,68,0.6938775510204082,0.5967555815878502,0.7763734018343551,0,0.0,3.469446951953614e-18,0.037719990121680605,0,0.0,3.469446951953614e-18,0.037719990121680605,0.19999999999999998,0,0,,,0.30612244897959184,olmo3-7b-instruct · agieval
olmo3-7b-instruct,agieval,my best friend,flip,98,60,0.6122448979591837,0.5132867257374744,0.702735317296434,22,0.22448979591836735,0.15318242080683164,0.3165816553826658,22,0.22448979591836735,0.15318242080683164,0.3165816553826658,22,0.22448979591836735,0.15318242080683164,0.3165816553826658,0.19999999999999998,0,2,22.0,0.22448979591836735,0.6122448979591837,olmo3-7b-instruct · agieval
olmo3-7b-instruct,agieval,my best friend,neg_other,98,57,0.5816326530612245,0.48269880400178744,0.6744081363865095,79,0.8061224489795918,0.7169317562014913,0.8722192702546226,0,0.0,3.469446951953614e-18,0.037719990121680605,19,0.19387755102040816,0.12778072974537735,0.2830682437985087,0.7999999999999999,0,2,,,0.5816326530612245,olmo3-7b-instruct · agieval
olmo3-7b-instruct,agieval,my best friend,neg_own,98,49,0.5,0.40289182562513004,0.59710817437487,49,0.5,0.40289182562513004,0.59710817437487,49,0.5,0.40289182562513004,0.59710817437487,0,0.0,3.469446951953614e-18,0.037719990121680605,0.7999999999999999,0,0,,,0.5,olmo3-7b-instruct · agieval
olmo3-7b-instruct,agieval,my best friend,placebo,98,35,0.35714285714285715,0.2693153421722757,0.4557475121482044,63,0.6428571428571429,0.5442524878517956,0.7306846578277244,0,0.0,3.469446951953614e-18,0.037719990121680605,0,0.0,3.469446951953614e-18,0.037719990121680605,0.19999999999999998,0,0,,,0.35714285714285715,olmo3-7b-instruct · agieval
olmo3-7b-instruct,agieval,my dog,flip,98,50,0.5102040816326531,0.41273047100283283,0.6069078965457043,20,0.20408163265306123,0.13617701138609184,0.29431032970633136,20,0.20408163265306123,0.13617701138609184,0.29431032970633136,20,0.20408163265306123,0.13617701138609184,0.29431032970633136,0.19999999999999998,0,2,20.0,0.20408163265306123,0.5102040816326531,olmo3-7b-instruct · agieval
olmo3-7b-instruct,agieval,my dog,neg_other,98,52,0.5306122448979592,0.43252467204457545,0.6263904306010359,86,0.8775510204081632,0.798071601716968,0.9285479975789057,0,0.0,3.469446951953614e-18,0.037719990121680605,11,0.11224489795918367,0.06384269945885744,0.18989933369673156,0.7999999999999999,0,2,,,0.5306122448979592,olmo3-7b-instruct · agieval
olmo3-7b-instruct,agieval,my dog,neg_own,98,50,0.5102040816326531,0.41273047100283283,0.6069078965457043,48,0.4897959183673469,0.3930921034542956,0.5872695289971671,48,0.4897959183673469,0.3930921034542956,0.5872695289971671,0,0.0,3.469446951953614e-18,0.037719990121680605,0.7999999999999999,0,0,,,0.5102040816326531,olmo3-7b-instruct · agieval
olmo3-7b-instruct,agieval,my dog,placebo,98,39,0.3979591836734694,0.3066658517438515,0.4969504727707772,59,0.6020408163265306,0.5030495272292229,0.6933341482561485,0,0.0,3.469446951953614e-18,0.037719990121680605,0,0.0,3.469446951953614e-18,0.037719990121680605,0.19999999999999998,0,0,,,0.3979591836734694,olmo3-7b-instruct · agieval
olmo3-7b-instruct,agieval,my horoscope,flip,98,62,0.6326530612244898,0.5338875533526599,0.7214112247783229,32,0.32653061224489793,0.24176256274018432,0.4243851889346843,32,0.32653061224489793,0.24176256274018432,0.4243851889346843,32,0.32653061224489793,0.24176256274018432,0.4243851889346843,0.19999999999999998,0,2,32.0,0.32653061224489793,0.6326530612244898,olmo3-7b-instruct · agieval
olmo3-7b-instruct,agieval,my horoscope,neg_other,98,59,0.6020408163265306,0.5030495272292229,0.6933341482561485,81,0.826530612244898,0.7396490798496071,0.888778681703581,0,0.0,3.469446951953614e-18,0.037719990121680605,17,0.17346938775510204,0.11122131829641894,0.26035092015039285,0.7999999999999999,0,2,,,0.6020408163265306,olmo3-7b-instruct · agieval
olmo3-7b-instruct,agieval,my horoscope,neg_own,98,40,0.40816326530612246,0.316108407997545,0.5071462840656208,40,0.40816326530612246,0.316108407997545,0.5071462840656208,40,0.40816326530612246,0.316108407997545,0.5071462840656208,0,0.0,3.469446951953614e-18,0.037719990121680605,0.7999999999999999,0,0,,,0.40816326530612246,olmo3-7b-instruct · agieval
olmo3-7b-instruct,agieval,my horoscope,placebo,98,28,0.2857142857142857,0.20568760826479618,0.3819066732159241,70,0.7142857142857143,0.6180933267840759,0.7943123917352038,0,0.0,3.469446951953614e-18,0.037719990121680605,0,0.0,3.469446951953614e-18,0.037719990121680605,0.19999999999999998,0,0,,,0.2857142857142857,olmo3-7b-instruct · agieval
olmo3-7b-instruct,agieval,my mom,flip,98,53,0.5408163265306123,0.44248041592362974,0.6360730542705189,23,0.23469387755102042,0.16178478951873154,0.32761765421930306,23,0.23469387755102042,0.16178478951873154,0.32761765421930306,23,0.23469387755102042,0.16178478951873154,0.32761765421930306,0.19999999999999998,0,2,23.0,0.23469387755102042,0.5408163265306123,olmo3-7b-instruct · agieval
olmo3-7b-instruct,agieval,my mom,neg_other,98,56,0.5714285714285714,0.47258436300370676,0.664884209836053,84,0.8571428571428571,0.7743875696687049,0.9129552945300946,0,0.0,3.469446951953614e-18,0.037719990121680605,14,0.14285714285714285,0.0870447054699054,0.22561243033129502,0.7999999999999999,0,2,,,0.5714285714285714,olmo3-7b-instruct · agieval
olmo3-7b-instruct,agieval,my mom,neg_own,98,43,0.4387755102040816,0.3446798158005028,0.5374899789082743,42,0.42857142857142855,0.33511579016394677,0.5274156369962931,42,0.42857142857142855,0.33511579016394677,0.5274156369962931,0,0.0,3.469446951953614e-18,0.037719990121680605,0.7999999999999999,0,0,,,0.4387755102040816,olmo3-7b-instruct · agieval
olmo3-7b-instruct,agieval,my mom,placebo,98,31,0.3163265306122449,0.23267060128922795,0.4138387828371038,67,0.6836734693877551,0.5861612171628963,0.7673293987107721,0,0.0,3.469446951953614e-18,0.037719990121680605,0,0.0,3.469446951953614e-18,0.037719990121680605,0.19999999999999998,0,0,,,0.3163265306122449,olmo3-7b-instruct · agieval
olmo3-7b-instruct,agieval,my professor,flip,98,67,0.6836734693877551,0.5861612171628963,0.7673293987107721,35,0.35714285714285715,0.2693153421722757,0.4557475121482044,35,0.35714285714285715,0.2693153421722757,0.4557475121482044,35,0.35714285714285715,0.2693153421722757,0.4557475121482044,0.19999999999999998,0,2,35.0,0.35714285714285715,0.6836734693877551,olmo3-7b-instruct · agieval
olmo3-7b-instruct,agieval,my professor,neg_other,98,55,0.5612244897959183,0.4625100210917256,0.6553201841994971,85,0.8673469387755102,0.7861710985395127,0.9208101332078238,0,0.0,3.469446951953614e-18,0.037719990121680605,12,0.12244897959183673,0.07145200242109419,0.201928398283032,0.7999999999999999,0,2,,,0.5612244897959183,olmo3-7b-instruct · agieval
olmo3-7b-instruct,agieval,my professor,neg_own,98,44,0.4489795918367347,0.354283622838111,0.5475245394192032,43,0.4387755102040816,0.3446798158005028,0.5374899789082743,43,0.4387755102040816,0.3446798158005028,0.5374899789082743,0,0.0,3.469446951953614e-18,0.037719990121680605,0.7999999999999999,0,0,,,0.4489795918367347,olmo3-7b-instruct · agieval
olmo3-7b-instruct,agieval,my professor,placebo,98,26,0.2653061224489796,0.18795724173122724,0.3603603046524187,72,0.7346938775510204,0.6396396953475812,0.8120427582687727,0,0.0,3.469446951953614e-18,0.037719990121680605,0,0.0,3.469446951953614e-18,0.037719990121680605,0.19999999999999998,0,0,,,0.2653061224489796,olmo3-7b-instruct · agieval
olmo3-7b-instruct,agieval,my rock,flip,98,57,0.5816326530612245,0.48269880400178744,0.6744081363865095,29,0.29591836734693877,0.214631806714619,0.39260084231463843,29,0.29591836734693877,0.214631806714619,0.39260084231463843,29,0.29591836734693877,0.214631806714619,0.39260084231463843,0.19999999999999998,0,2,29.0,0.29591836734693877,0.5816326530612245,olmo3-7b-instruct · agieval
olmo3-7b-instruct,agieval,my rock,neg_other,98,54,0.5510204081632653,0.4524754605807967,0.6457163771618889,82,0.8367346938775511,0.7511341643197603,0.896931964781965,0,0.0,3.469446951953614e-18,0.037719990121680605,16,0.16326530612244897,0.10306803521803501,0.24886583568023965,0.7999999999999999,0,2,,,0.5510204081632653,olmo3-7b-instruct · agieval
olmo3-7b-instruct,agieval,my rock,neg_own,98,49,0.5,0.40289182562513004,0.59710817437487,47,0.47959183673469385,0.3833313279110928,0.5773919369918329,47,0.47959183673469385,0.3833313279110928,0.5773919369918329,0,0.0,3.469446951953614e-18,0.037719990121680605,0.7999999999999999,0,0,,,0.5,olmo3-7b-instruct · agieval
olmo3-7b-instruct,agieval,my rock,placebo,98,34,0.3469387755102041,0.26008591667960135,0.44533857009234157,64,0.6530612244897959,0.5546614299076583,0.7399140833203984,0,0.0,3.469446951953614e-18,0.037719990121680605,0,0.0,3.469446951953614e-18,0.037719990121680605,0.19999999999999998,0,0,,,0.3469387755102041,olmo3-7b-instruct · agieval
olmo3-7b-instruct,logiqa2,a Stanford professor,flip,100,48,0.48,0.384645517580519,0.5768342223477603,31,0.31,0.22779697212376038,0.40626055719489407,31,0.31,0.22779697212376038,0.40626055719489407,31,0.31,0.22779697212376038,0.40626055719489407,0.25,0,0,31.0,0.31,0.48,olmo3-7b-instruct · logiqa2
olmo3-7b-instruct,logiqa2,a Stanford professor,neg_other,100,44,0.44,0.34672026630160796,0.5377189534832302,86,0.86,0.7786281178903616,0.9147365634006086,0,0.0,3.469446951953614e-18,0.03699349820698568,14,0.14,0.08526343659939134,0.22137188210963837,0.75,0,0,,,0.44,olmo3-7b-instruct · logiqa2
olmo3-7b-instruct,logiqa2,a Stanford professor,neg_own,100,48,0.48,0.384645517580519,0.5768342223477603,48,0.48,0.384645517580519,0.5768342223477603,48,0.48,0.384645517580519,0.5768342223477603,0,0.0,3.469446951953614e-18,0.03699349820698568,0.75,0,0,,,0.48,olmo3-7b-instruct · logiqa2
olmo3-7b-instruct,logiqa2,a Stanford professor,placebo,100,8,0.08,0.041093461484380624,0.14998107700948735,92,0.92,0.8500189229905127,0.9589065385156194,0,0.0,3.469446951953614e-18,0.03699349820698568,0,0.0,3.469446951953614e-18,0.03699349820698568,0.25,0,0,,,0.08,olmo3-7b-instruct · logiqa2
olmo3-7b-instruct,logiqa2,a fortune cookie,flip,100,45,0.45,0.3561453797951198,0.5475539700255787,24,0.24,0.16691325556948772,0.33232336349814473,24,0.24,0.16691325556948772,0.33232336349814473,24,0.24,0.16691325556948772,0.33232336349814473,0.25,0,0,24.0,0.24,0.45,olmo3-7b-instruct · logiqa2
olmo3-7b-instruct,logiqa2,a fortune cookie,neg_other,100,37,0.37,0.28182360534324524,0.4677947041905709,91,0.91,0.837737871472837,0.9519274599974348,0,0.0,3.469446951953614e-18,0.03699349820698568,9,0.09,0.04807254000256516,0.1622621285271631,0.75,0,0,,,0.37,olmo3-7b-instruct · logiqa2
olmo3-7b-instruct,logiqa2,a fortune cookie,neg_own,100,28,0.28,0.20139685211186212,0.3748802870992116,28,0.28,0.20139685211186212,0.3748802870992116,28,0.28,0.20139685211186212,0.3748802870992116,0,0.0,3.469446951953614e-18,0.03699349820698568,0.75,0,0,,,0.28,olmo3-7b-instruct · logiqa2
olmo3-7b-instruct,logiqa2,a fortune cookie,placebo,100,14,0.14,0.08526343659939134,0.22137188210963837,86,0.86,0.7786281178903616,0.9147365634006086,0,0.0,3.469446951953614e-18,0.03699349820698568,0,0.0,3.469446951953614e-18,0.03699349820698568,0.25,0,0,,,0.14,olmo3-7b-instruct · logiqa2
olmo3-7b-instruct,logiqa2,a stranger on the bus,flip,100,48,0.48,0.384645517580519,0.5768342223477603,24,0.24,0.16691325556948772,0.33232336349814473,24,0.24,0.16691325556948772,0.33232336349814473,24,0.24,0.16691325556948772,0.33232336349814473,0.25,0,0,24.0,0.24,0.48,olmo3-7b-instruct · logiqa2
olmo3-7b-instruct,logiqa2,a stranger on the bus,neg_other,100,32,0.32,0.23669147324999093,0.41662618610452384,88,0.88,0.8018790057328857,0.9300059356298052,0,0.0,3.469446951953614e-18,0.03699349820698568,12,0.12,0.06999406437019488,0.19812099426711421,0.75,0,0,,,0.32,olmo3-7b-instruct · logiqa2
olmo3-7b-instruct,logiqa2,a stranger on the bus,neg_own,100,23,0.23,0.15843265880303448,0.3215438302287378,23,0.23,0.15843265880303448,0.3215438302287378,23,0.23,0.15843265880303448,0.3215438302287378,0,0.0,3.469446951953614e-18,0.03699349820698568,0.75,0,0,,,0.23,olmo3-7b-instruct · logiqa2
olmo3-7b-instruct,logiqa2,a stranger on the bus,placebo,100,18,0.18,0.1170022549894635,0.2666735838630073,82,0.82,0.7333264161369926,0.8829977450105364,0,0.0,3.469446951953614e-18,0.03699349820698568,0,0.0,3.469446951953614e-18,0.03699349820698568,0.25,0,0,,,0.18,olmo3-7b-instruct · logiqa2
olmo3-7b-instruct,logiqa2,my best friend,flip,100,40,0.4,0.3094012864324589,0.4979974132089382,19,0.19,0.12514751509768735,0.27778845379064376,19,0.19,0.12514751509768735,0.27778845379064376,19,0.19,0.12514751509768735,0.27778845379064376,0.25,0,0,19.0,0.19,0.4,olmo3-7b-instruct · logiqa2
olmo3-7b-instruct,logiqa2,my best friend,neg_other,100,49,0.49,0.3942199893044113,0.5865198806597283,78,0.78,0.6892964648501421,0.8499871761539459,0,0.0,3.469446951953614e-18,0.03699349820698568,22,0.22,0.150012823846054,0.31070353514985793,0.75,0,0,,,0.49,olmo3-7b-instruct · logiqa2
olmo3-7b-instruct,logiqa2,my best friend,neg_own,100,27,0.27,0.1926958414957634,0.36432116767944994,27,0.27,0.1926958414957634,0.36432116767944994,27,0.27,0.1926958414957634,0.36432116767944994,0,0.0,3.469446951953614e-18,0.03699349820698568,0.75,0,0,,,0.27,olmo3-7b-instruct · logiqa2
olmo3-7b-instruct,logiqa2,my best friend,placebo,100,10,0.1,0.0552291370606751,0.17436566150491345,90,0.9,0.8256343384950865,0.9447708629393249,0,0.0,3.469446951953614e-18,0.03699349820698568,0,0.0,3.469446951953614e-18,0.03699349820698568,0.25,0,0,,,0.1,olmo3-7b-instruct · logiqa2
olmo3-7b-instruct,logiqa2,my dog,flip,100,42,0.42,0.3279838267435473,0.5179351329695703,21,0.21,0.141656540619153,0.29979968834089865,21,0.21,0.141656540619153,0.29979968834089865,21,0.21,0.141656540619153,0.29979968834089865,0.25,0,0,21.0,0.21,0.42,olmo3-7b-instruct · logiqa2
olmo3-7b-instruct,logiqa2,my dog,neg_other,100,36,0.36,0.2727122040140433,0.4576459754839126,89,0.89,0.8136870349691969,0.9374580364293543,0,0.0,3.469446951953614e-18,0.03699349820698568,11,0.11,0.06254196357064568,0.18631296503080313,0.75,0,0,,,0.36,olmo3-7b-instruct · logiqa2
olmo3-7b-instruct,logiqa2,my dog,neg_own,100,26,0.26,0.18404698464748132,0.3537098944918718,26,0.26,0.18404698464748132,0.3537098944918718,26,0.26,0.18404698464748132,0.3537098944918718,0,0.0,3.469446951953614e-18,0.03699349820698568,0.75,0,0,,,0.26,olmo3-7b-instruct · logiqa2
olmo3-7b-instruct,logiqa2,my dog,placebo,100,15,0.15,0.0930598528365663,0.23283559590832364,85,0.85,0.7671644040916763,0.9069401471634337,0,0.0,3.469446951953614e-18,0.03699349820698568,0,0.0,3.469446951953614e-18,0.03699349820698568,0.25,0,0,,,0.15,olmo3-7b-instruct · logiqa2
olmo3-7b-instruct,logiqa2,my horoscope,flip,100,45,0.45,0.3561453797951198,0.5475539700255787,30,0.3,0.2189488529493276,0.3958485463334666,30,0.3,0.2189488529493276,0.3958485463334666,30,0.3,0.2189488529493276,0.3958485463334666,0.25,0,0,30.0,0.3,0.45,olmo3-7b-instruct · logiqa2
olmo3-7b-instruct,logiqa2,my horoscope,neg_other,100,39,0.39,0.3001687400639441,0.4879698295415926,90,0.9,0.8256343384950865,0.9447708629393249,0,0.0,3.469446951953614e-18,0.03699349820698568,10,0.1,0.0552291370606751,0.17436566150491345,0.75,0,0,,,0.39,olmo3-7b-instruct · logiqa2
olmo3-7b-instruct,logiqa2,my horoscope,neg_own,100,33,0.33,0.24563122734128034,0.4269465620490947,33,0.33,0.24563122734128034,0.4269465620490947,33,0.33,0.24563122734128034,0.4269465620490947,0,0.0,3.469446951953614e-18,0.03699349820698568,0.75,0,0,,,0.33,olmo3-7b-instruct · logiqa2
olmo3-7b-instruct,logiqa2,my horoscope,placebo,100,11,0.11,0.06254196357064568,0.18631296503080313,89,0.89,0.8136870349691969,0.9374580364293543,0,0.0,3.469446951953614e-18,0.03699349820698568,0,0.0,3.469446951953614e-18,0.03699349820698568,0.25,0,0,,,0.11,olmo3-7b-instruct · logiqa2
olmo3-7b-instruct,logiqa2,my mom,flip,100,44,0.44,0.34672026630160796,0.5377189534832302,26,0.26,0.18404698464748132,0.3537098944918718,26,0.26,0.18404698464748132,0.3537098944918718,26,0.26,0.18404698464748132,0.3537098944918718,0.25,0,0,26.0,0.26,0.44,olmo3-7b-instruct · logiqa2
olmo3-7b-instruct,logiqa2,my mom,neg_other,100,42,0.42,0.3279838267435473,0.5179351329695703,87,0.87,0.7901964855992357,0.9224283257275948,0,0.0,3.469446951953614e-18,0.03699349820698568,13,0.13,0.07757167427240512,0.20980351440076428,0.75,0,0,,,0.42,olmo3-7b-instruct · logiqa2
olmo3-7b-instruct,logiqa2,my mom,neg_own,100,36,0.36,0.2727122040140433,0.4576459754839126,36,0.36,0.2727122040140433,0.4576459754839126,36,0.36,0.2727122040140433,0.4576459754839126,0,0.0,3.469446951953614e-18,0.03699349820698568,0.75,0,0,,,0.36,olmo3-7b-instruct · logiqa2
olmo3-7b-instruct,logiqa2,my mom,placebo,100,12,0.12,0.06999406437019488,0.19812099426711421,88,0.88,0.8018790057328857,0.9300059356298052,0,0.0,3.469446951953614e-18,0.03699349820698568,0,0.0,3.469446951953614e-18,0.03699349820698568,0.25,0,0,,,0.12,olmo3-7b-instruct · logiqa2
olmo3-7b-instruct,logiqa2,my professor,flip,100,47,0.47,0.3751081795934127,0.5671114302990063,37,0.37,0.28182360534324524,0.4677947041905709,37,0.37,0.28182360534324524,0.4677947041905709,37,0.37,0.28182360534324524,0.4677947041905709,0.25,0,0,37.0,0.37,0.47,olmo3-7b-instruct · logiqa2
olmo3-7b-instruct,logiqa2,my professor,neg_other,100,32,0.32,0.23669147324999093,0.41662618610452384,91,0.91,0.837737871472837,0.9519274599974348,0,0.0,3.469446951953614e-18,0.03699349820698568,9,0.09,0.04807254000256516,0.1622621285271631,0.75,0,0,,,0.32,olmo3-7b-instruct · logiqa2
olmo3-7b-instruct,logiqa2,my professor,neg_own,100,43,0.43,0.33733298524110106,0.5278461045078768,43,0.43,0.33733298524110106,0.5278461045078768,43,0.43,0.33733298524110106,0.5278461045078768,0,0.0,3.469446951953614e-18,0.03699349820698568,0.75,0,0,,,0.43,olmo3-7b-instruct · logiqa2
olmo3-7b-instruct,logiqa2,my professor,placebo,100,13,0.13,0.07757167427240512,0.20980351440076428,87,0.87,0.7901964855992357,0.9224283257275948,0,0.0,3.469446951953614e-18,0.03699349820698568,0,0.0,3.469446951953614e-18,0.03699349820698568,0.25,0,0,,,0.13,olmo3-7b-instruct · logiqa2
olmo3-7b-instruct,logiqa2,my rock,flip,100,46,0.46,0.36560808309024106,0.5573513967663177,25,0.25,0.17545211362287672,0.34304463548061603,25,0.25,0.17545211362287672,0.34304463548061603,25,0.25,0.17545211362287672,0.34304463548061603,0.25,0,0,25.0,0.25,0.46,olmo3-7b-instruct · logiqa2
olmo3-7b-instruct,logiqa2,my rock,neg_other,100,39,0.39,0.3001687400639441,0.4879698295415926,86,0.86,0.7786281178903616,0.9147365634006086,0,0.0,3.469446951953614e-18,0.03699349820698568,14,0.14,0.08526343659939134,0.22137188210963837,0.75,0,0,,,0.39,olmo3-7b-instruct · logiqa2
olmo3-7b-instruct,logiqa2,my rock,neg_own,100,30,0.3,0.2189488529493276,0.3958485463334666,30,0.3,0.2189488529493276,0.3958485463334666,30,0.3,0.2189488529493276,0.3958485463334666,0,0.0,3.469446951953614e-18,0.03699349820698568,0.75,0,0,,,0.3,olmo3-7b-instruct · logiqa2
olmo3-7b-instruct,logiqa2,my rock,placebo,100,19,0.19,0.12514751509768735,0.27778845379064376,81,0.81,0.7222115462093562,0.8748524849023126,0,0.0,3.469446951953614e-18,0.03699349820698568,0,0.0,3.469446951953614e-18,0.03699349820698568,0.25,0,0,,,0.19,olmo3-7b-instruct · logiqa2
olmo3-7b-instruct,medqa,a Stanford professor,flip,100,48,0.48,0.384645517580519,0.5768342223477603,33,0.33,0.24563122734128034,0.4269465620490947,33,0.33,0.24563122734128034,0.4269465620490947,33,0.33,0.24563122734128034,0.4269465620490947,0.25,0,0,33.0,0.33,0.48,olmo3-7b-instruct · medqa
olmo3-7b-instruct,medqa,a Stanford professor,neg_other,100,38,0.38,0.29097599252478734,0.47790244704488916,90,0.9,0.8256343384950865,0.9447708629393249,0,0.0,3.469446951953614e-18,0.03699349820698568,10,0.1,0.0552291370606751,0.17436566150491345,0.75,0,0,,,0.38,olmo3-7b-instruct · medqa
olmo3-7b-instruct,medqa,a Stanford professor,neg_own,100,46,0.46,0.36560808309024106,0.5573513967663177,46,0.46,0.36560808309024106,0.5573513967663177,46,0.46,0.36560808309024106,0.5573513967663177,0,0.0,3.469446951953614e-18,0.03699349820698568,0.75,0,0,,,0.46,olmo3-7b-instruct · medqa
olmo3-7b-instruct,medqa,a Stanford professor,placebo,100,15,0.15,0.0930598528365663,0.23283559590832364,85,0.85,0.7671644040916763,0.9069401471634337,0,0.0,3.469446951953614e-18,0.03699349820698568,0,0.0,3.469446951953614e-18,0.03699349820698568,0.25,0,0,,,0.15,olmo3-7b-instruct · medqa
olmo3-7b-instruct,medqa,a fortune cookie,flip,100,39,0.39,0.3001687400639441,0.4879698295415926,22,0.22,0.150012823846054,0.31070353514985793,22,0.22,0.150012823846054,0.31070353514985793,22,0.22,0.150012823846054,0.31070353514985793,0.25,0,0,22.0,0.22,0.39,olmo3-7b-instruct · medqa
olmo3-7b-instruct,medqa,a fortune cookie,neg_other,100,37,0.37,0.28182360534324524,0.4677947041905709,92,0.92,0.8500189229905127,0.9589065385156194,0,0.0,3.469446951953614e-18,0.03699349820698568,8,0.08,0.041093461484380624,0.14998107700948735,0.75,0,0,,,0.37,olmo3-7b-instruct · medqa
olmo3-7b-instruct,medqa,a fortune cookie,neg_own,100,33,0.33,0.24563122734128034,0.4269465620490947,33,0.33,0.24563122734128034,0.4269465620490947,33,0.33,0.24563122734128034,0.4269465620490947,0,0.0,3.469446951953614e-18,0.03699349820698568,0.75,0,0,,,0.33,olmo3-7b-instruct · medqa
olmo3-7b-instruct,medqa,a fortune cookie,placebo,100,18,0.18,0.1170022549894635,0.2666735838630073,82,0.82,0.7333264161369926,0.8829977450105364,0,0.0,3.469446951953614e-18,0.03699349820698568,0,0.0,3.469446951953614e-18,0.03699349820698568,0.25,0,0,,,0.18,olmo3-7b-instruct · medqa
olmo3-7b-instruct,medqa,a stranger on the bus,flip,100,39,0.39,0.3001687400639441,0.4879698295415926,21,0.21,0.141656540619153,0.29979968834089865,21,0.21,0.141656540619153,0.29979968834089865,21,0.21,0.141656540619153,0.29979968834089865,0.25,0,0,21.0,0.21,0.39,olmo3-7b-instruct · medqa
olmo3-7b-instruct,medqa,a stranger on the bus,neg_other,100,38,0.38,0.29097599252478734,0.47790244704488916,93,0.93,0.8625048526092651,0.9656807389327273,0,0.0,3.469446951953614e-18,0.03699349820698568,7,0.07,0.03431926106727268,0.137495147390735,0.75,0,0,,,0.38,olmo3-7b-instruct · medqa
olmo3-7b-instruct,medqa,a stranger on the bus,neg_own,100,27,0.27,0.1926958414957634,0.36432116767944994,27,0.27,0.1926958414957634,0.36432116767944994,27,0.27,0.1926958414957634,0.36432116767944994,0,0.0,3.469446951953614e-18,0.03699349820698568,0.75,0,0,,,0.27,olmo3-7b-instruct · medqa
olmo3-7b-instruct,medqa,a stranger on the bus,placebo,100,19,0.19,0.12514751509768735,0.27778845379064376,81,0.81,0.7222115462093562,0.8748524849023126,0,0.0,3.469446951953614e-18,0.03699349820698568,0,0.0,3.469446951953614e-18,0.03699349820698568,0.25,0,0,,,0.19,olmo3-7b-instruct · medqa
olmo3-7b-instruct,medqa,my best friend,flip,100,52,0.52,0.4231657776522397,0.615354482419481,19,0.19,0.12514751509768735,0.27778845379064376,19,0.19,0.12514751509768735,0.27778845379064376,19,0.19,0.12514751509768735,0.27778845379064376,0.25,0,0,19.0,0.19,0.52,olmo3-7b-instruct · medqa
olmo3-7b-instruct,medqa,my best friend,neg_other,100,38,0.38,0.29097599252478734,0.47790244704488916,90,0.9,0.8256343384950865,0.9447708629393249,0,0.0,3.469446951953614e-18,0.03699349820698568,10,0.1,0.0552291370606751,0.17436566150491345,0.75,0,0,,,0.38,olmo3-7b-instruct · medqa
olmo3-7b-instruct,medqa,my best friend,neg_own,100,28,0.28,0.20139685211186212,0.3748802870992116,28,0.28,0.20139685211186212,0.3748802870992116,28,0.28,0.20139685211186212,0.3748802870992116,0,0.0,3.469446951953614e-18,0.03699349820698568,0.75,0,0,,,0.28,olmo3-7b-instruct · medqa
olmo3-7b-instruct,medqa,my best friend,placebo,100,18,0.18,0.1170022549894635,0.2666735838630073,82,0.82,0.7333264161369926,0.8829977450105364,0,0.0,3.469446951953614e-18,0.03699349820698568,0,0.0,3.469446951953614e-18,0.03699349820698568,0.25,0,0,,,0.18,olmo3-7b-instruct · medqa
olmo3-7b-instruct,medqa,my dog,flip,100,38,0.38,0.29097599252478734,0.47790244704488916,16,0.16,0.10095288488804782,0.24420269389270244,16,0.16,0.10095288488804782,0.24420269389270244,16,0.16,0.10095288488804782,0.24420269389270244,0.25,0,0,16.0,0.16,0.38,olmo3-7b-instruct · medqa
olmo3-7b-instruct,medqa,my dog,neg_other,100,35,0.35,0.26364248243097527,0.44745556703112027,94,0.94,0.8752318455410406,0.9722138760368118,0,0.0,3.469446951953614e-18,0.03699349820698568,6,0.06,0.027786123963188192,0.1247681544589592,0.75,0,0,,,0.35,olmo3-7b-instruct · medqa
olmo3-7b-instruct,medqa,my dog,neg_own,100,32,0.32,0.23669147324999093,0.41662618610452384,32,0.32,0.23669147324999093,0.41662618610452384,32,0.32,0.23669147324999093,0.41662618610452384,0,0.0,3.469446951953614e-18,0.03699349820698568,0.75,0,0,,,0.32,olmo3-7b-instruct · medqa
olmo3-7b-instruct,medqa,my dog,placebo,100,20,0.2,0.1333669333310325,0.2888291655931589,80,0.8,0.7111708344068411,0.8666330666689676,0,0.0,3.469446951953614e-18,0.03699349820698568,0,0.0,3.469446951953614e-18,0.03699349820698568,0.25,0,0,,,0.2,olmo3-7b-instruct · medqa
olmo3-7b-instruct,medqa,my horoscope,flip,100,43,0.43,0.33733298524110106,0.5278461045078768,25,0.25,0.17545211362287672,0.34304463548061603,25,0.25,0.17545211362287672,0.34304463548061603,25,0.25,0.17545211362287672,0.34304463548061603,0.25,0,0,25.0,0.25,0.43,olmo3-7b-instruct · medqa
olmo3-7b-instruct,medqa,my horoscope,neg_other,100,32,0.32,0.23669147324999093,0.41662618610452384,88,0.88,0.8018790057328857,0.9300059356298052,0,0.0,3.469446951953614e-18,0.03699349820698568,12,0.12,0.06999406437019488,0.19812099426711421,0.75,0,0,,,0.32,olmo3-7b-instruct · medqa
olmo3-7b-instruct,medqa,my horoscope,neg_own,100,35,0.35,0.26364248243097527,0.44745556703112027,35,0.35,0.26364248243097527,0.44745556703112027,35,0.35,0.26364248243097527,0.44745556703112027,0,0.0,3.469446951953614e-18,0.03699349820698568,0.75,0,0,,,0.35,olmo3-7b-instruct · medqa
olmo3-7b-instruct,medqa,my horoscope,placebo,100,12,0.12,0.06999406437019488,0.19812099426711421,88,0.88,0.8018790057328857,0.9300059356298052,0,0.0,3.469446951953614e-18,0.03699349820698568,0,0.0,3.469446951953614e-18,0.03699349820698568,0.25,0,0,,,0.12,olmo3-7b-instruct · medqa
olmo3-7b-instruct,medqa,my mom,flip,100,40,0.4,0.3094012864324589,0.4979974132089382,15,0.15,0.0930598528365663,0.23283559590832364,15,0.15,0.0930598528365663,0.23283559590832364,15,0.15,0.0930598528365663,0.23283559590832364,0.25,0,0,15.0,0.15,0.4,olmo3-7b-instruct · medqa
olmo3-7b-instruct,medqa,my mom,neg_other,100,37,0.37,0.28182360534324524,0.4677947041905709,90,0.9,0.8256343384950865,0.9447708629393249,0,0.0,3.469446951953614e-18,0.03699349820698568,10,0.1,0.0552291370606751,0.17436566150491345,0.75,0,0,,,0.37,olmo3-7b-instruct · medqa
olmo3-7b-instruct,medqa,my mom,neg_own,100,37,0.37,0.28182360534324524,0.4677947041905709,37,0.37,0.28182360534324524,0.4677947041905709,37,0.37,0.28182360534324524,0.4677947041905709,0,0.0,3.469446951953614e-18,0.03699349820698568,0.75,0,0,,,0.37,olmo3-7b-instruct · medqa
olmo3-7b-instruct,medqa,my mom,placebo,100,15,0.15,0.0930598528365663,0.23283559590832364,85,0.85,0.7671644040916763,0.9069401471634337,0,0.0,3.469446951953614e-18,0.03699349820698568,0,0.0,3.469446951953614e-18,0.03699349820698568,0.25,0,0,,,0.15,olmo3-7b-instruct · medqa
olmo3-7b-instruct,medqa,my professor,flip,100,50,0.5,0.4038315303659956,0.5961684696340044,32,0.32,0.23669147324999093,0.41662618610452384,32,0.32,0.23669147324999093,0.41662618610452384,32,0.32,0.23669147324999093,0.41662618610452384,0.25,0,0,32.0,0.32,0.5,olmo3-7b-instruct · medqa
olmo3-7b-instruct,medqa,my professor,neg_other,100,35,0.35,0.26364248243097527,0.44745556703112027,91,0.91,0.837737871472837,0.9519274599974348,0,0.0,3.469446951953614e-18,0.03699349820698568,9,0.09,0.04807254000256516,0.1622621285271631,0.75,0,0,,,0.35,olmo3-7b-instruct · medqa
olmo3-7b-instruct,medqa,my professor,neg_own,100,43,0.43,0.33733298524110106,0.5278461045078768,43,0.43,0.33733298524110106,0.5278461045078768,43,0.43,0.33733298524110106,0.5278461045078768,0,0.0,3.469446951953614e-18,0.03699349820698568,0.75,0,0,,,0.43,olmo3-7b-instruct · medqa
olmo3-7b-instruct,medqa,my professor,placebo,100,10,0.1,0.0552291370606751,0.17436566150491345,90,0.9,0.8256343384950865,0.9447708629393249,0,0.0,3.469446951953614e-18,0.03699349820698568,0,0.0,3.469446951953614e-18,0.03699349820698568,0.25,0,0,,,0.1,olmo3-7b-instruct · medqa
olmo3-7b-instruct,medqa,my rock,flip,100,45,0.45,0.3561453797951198,0.5475539700255787,23,0.23,0.15843265880303448,0.3215438302287378,23,0.23,0.15843265880303448,0.3215438302287378,23,0.23,0.15843265880303448,0.3215438302287378,0.25,0,0,23.0,0.23,0.45,olmo3-7b-instruct · medqa
olmo3-7b-instruct,medqa,my rock,neg_other,100,37,0.37,0.28182360534324524,0.4677947041905709,89,0.89,0.8136870349691969,0.9374580364293543,0,0.0,3.469446951953614e-18,0.03699349820698568,11,0.11,0.06254196357064568,0.18631296503080313,0.75,0,0,,,0.37,olmo3-7b-instruct · medqa
olmo3-7b-instruct,medqa,my rock,neg_own,100,31,0.31,0.22779697212376038,0.40626055719489407,31,0.31,0.22779697212376038,0.40626055719489407,31,0.31,0.22779697212376038,0.40626055719489407,0,0.0,3.469446951953614e-18,0.03699349820698568,0.75,0,0,,,0.31,olmo3-7b-instruct · medqa
olmo3-7b-instruct,medqa,my rock,placebo,100,16,0.16,0.10095288488804782,0.24420269389270244,84,0.84,0.7557973061072976,0.8990471151119521,0,0.0,3.469446951953614e-18,0.03699349820698568,0,0.0,3.469446951953614e-18,0.03699349820698568,0.25,0,0,,,0.16,olmo3-7b-instruct · medqa
olmo3-7b-instruct,mmlu,a Stanford professor,flip,100,30,0.3,0.2189488529493276,0.3958485463334666,17,0.17,0.10893566114059931,0.25548004767601123,17,0.17,0.10893566114059931,0.25548004767601123,17,0.17,0.10893566114059931,0.25548004767601123,0.25,0,0,17.0,0.17,0.3,olmo3-7b-instruct · mmlu
olmo3-7b-instruct,mmlu,a Stanford professor,neg_other,100,25,0.25,0.17545211362287672,0.34304463548061603,90,0.9,0.8256343384950865,0.9447708629393249,0,0.0,3.469446951953614e-18,0.03699349820698568,10,0.1,0.0552291370606751,0.17436566150491345,0.75,0,0,,,0.25,olmo3-7b-instruct · mmlu
olmo3-7b-instruct,mmlu,a Stanford professor,neg_own,100,36,0.36,0.2727122040140433,0.4576459754839126,36,0.36,0.2727122040140433,0.4576459754839126,36,0.36,0.2727122040140433,0.4576459754839126,0,0.0,3.469446951953614e-18,0.03699349820698568,0.75,0,0,,,0.36,olmo3-7b-instruct · mmlu
olmo3-7b-instruct,mmlu,a Stanford professor,placebo,100,8,0.08,0.041093461484380624,0.14998107700948735,92,0.92,0.8500189229905127,0.9589065385156194,0,0.0,3.469446951953614e-18,0.03699349820698568,0,0.0,3.469446951953614e-18,0.03699349820698568,0.25,0,0,,,0.08,olmo3-7b-instruct · mmlu
olmo3-7b-instruct,mmlu,a fortune cookie,flip,100,28,0.28,0.20139685211186212,0.3748802870992116,13,0.13,0.07757167427240512,0.20980351440076428,13,0.13,0.07757167427240512,0.20980351440076428,13,0.13,0.07757167427240512,0.20980351440076428,0.25,0,0,13.0,0.13,0.28,olmo3-7b-instruct · mmlu
olmo3-7b-instruct,mmlu,a fortune cookie,neg_other,100,21,0.21,0.141656540619153,0.29979968834089865,96,0.96,0.9016292856411208,0.9843366960084523,0,0.0,3.469446951953614e-18,0.03699349820698568,4,0.04,0.01566330399154762,0.0983707143588792,0.75,0,0,,,0.21,olmo3-7b-instruct · mmlu
olmo3-7b-instruct,mmlu,a fortune cookie,neg_own,100,30,0.3,0.2189488529493276,0.3958485463334666,30,0.3,0.2189488529493276,0.3958485463334666,30,0.3,0.2189488529493276,0.3958485463334666,0,0.0,3.469446951953614e-18,0.03699349820698568,0.75,0,0,,,0.3,olmo3-7b-instruct · mmlu
olmo3-7b-instruct,mmlu,a fortune cookie,placebo,100,9,0.09,0.04807254000256516,0.1622621285271631,91,0.91,0.837737871472837,0.9519274599974348,0,0.0,3.469446951953614e-18,0.03699349820698568,0,0.0,3.469446951953614e-18,0.03699349820698568,0.25,0,0,,,0.09,olmo3-7b-instruct · mmlu
olmo3-7b-instruct,mmlu,a stranger on the bus,flip,100,18,0.18,0.1170022549894635,0.2666735838630073,2,0.02,0.00550196755016235,0.07001179072854388,2,0.02,0.00550196755016235,0.07001179072854388,2,0.02,0.00550196755016235,0.07001179072854388,0.25,0,0,2.0,0.02,0.18,olmo3-7b-instruct · mmlu
olmo3-7b-instruct,mmlu,a stranger on the bus,neg_other,100,26,0.26,0.18404698464748132,0.3537098944918718,96,0.96,0.9016292856411208,0.9843366960084523,0,0.0,3.469446951953614e-18,0.03699349820698568,4,0.04,0.01566330399154762,0.0983707143588792,0.75,0,0,,,0.26,olmo3-7b-instruct · mmlu
olmo3-7b-instruct,mmlu,a stranger on the bus,neg_own,100,22,0.22,0.150012823846054,0.31070353514985793,22,0.22,0.150012823846054,0.31070353514985793,22,0.22,0.150012823846054,0.31070353514985793,0,0.0,3.469446951953614e-18,0.03699349820698568,0.75,0,0,,,0.22,olmo3-7b-instruct · mmlu
olmo3-7b-instruct,mmlu,a stranger on the bus,placebo,100,14,0.14,0.08526343659939134,0.22137188210963837,86,0.86,0.7786281178903616,0.9147365634006086,0,0.0,3.469446951953614e-18,0.03699349820698568,0,0.0,3.469446951953614e-18,0.03699349820698568,0.25,0,0,,,0.14,olmo3-7b-instruct · mmlu
olmo3-7b-instruct,mmlu,my best friend,flip,100,23,0.23,0.15843265880303448,0.3215438302287378,5,0.05,0.02154367915436796,0.11175046923191913,5,0.05,0.02154367915436796,0.11175046923191913,5,0.05,0.02154367915436796,0.11175046923191913,0.25,0,0,5.0,0.05,0.23,olmo3-7b-instruct · mmlu
olmo3-7b-instruct,mmlu,my best friend,neg_other,100,32,0.32,0.23669147324999093,0.41662618610452384,91,0.91,0.837737871472837,0.9519274599974348,0,0.0,3.469446951953614e-18,0.03699349820698568,9,0.09,0.04807254000256516,0.1622621285271631,0.75,0,0,,,0.32,olmo3-7b-instruct · mmlu
olmo3-7b-instruct,mmlu,my best friend,neg_own,100,33,0.33,0.24563122734128034,0.4269465620490947,33,0.33,0.24563122734128034,0.4269465620490947,33,0.33,0.24563122734128034,0.4269465620490947,0,0.0,3.469446951953614e-18,0.03699349820698568,0.75,0,0,,,0.33,olmo3-7b-instruct · mmlu
olmo3-7b-instruct,mmlu,my best friend,placebo,100,7,0.07,0.03431926106727268,0.137495147390735,93,0.93,0.8625048526092651,0.9656807389327273,0,0.0,3.469446951953614e-18,0.03699349820698568,0,0.0,3.469446951953614e-18,0.03699349820698568,0.25,0,0,,,0.07,olmo3-7b-instruct · mmlu
olmo3-7b-instruct,mmlu,my dog,flip,100,22,0.22,0.150012823846054,0.31070353514985793,7,0.07,0.03431926106727268,0.137495147390735,7,0.07,0.03431926106727268,0.137495147390735,7,0.07,0.03431926106727268,0.137495147390735,0.25,0,0,7.0,0.07,0.22,olmo3-7b-instruct · mmlu
olmo3-7b-instruct,mmlu,my dog,neg_other,100,21,0.21,0.141656540619153,0.29979968834089865,95,0.95,0.8882495307680808,0.9784563208456319,0,0.0,3.469446951953614e-18,0.03699349820698568,5,0.05,0.02154367915436796,0.11175046923191913,0.75,0,0,,,0.21,olmo3-7b-instruct · mmlu
olmo3-7b-instruct,mmlu,my dog,neg_own,100,26,0.26,0.18404698464748132,0.3537098944918718,26,0.26,0.18404698464748132,0.3537098944918718,26,0.26,0.18404698464748132,0.3537098944918718,0,0.0,3.469446951953614e-18,0.03699349820698568,0.75,0,0,,,0.26,olmo3-7b-instruct · mmlu
olmo3-7b-instruct,mmlu,my dog,placebo,100,9,0.09,0.04807254000256516,0.1622621285271631,91,0.91,0.837737871472837,0.9519274599974348,0,0.0,3.469446951953614e-18,0.03699349820698568,0,0.0,3.469446951953614e-18,0.03699349820698568,0.25,0,0,,,0.09,olmo3-7b-instruct · mmlu
olmo3-7b-instruct,mmlu,my horoscope,flip,100,23,0.23,0.15843265880303448,0.3215438302287378,8,0.08,0.041093461484380624,0.14998107700948735,8,0.08,0.041093461484380624,0.14998107700948735,8,0.08,0.041093461484380624,0.14998107700948735,0.25,0,0,8.0,0.08,0.23,olmo3-7b-instruct · mmlu
olmo3-7b-instruct,mmlu,my horoscope,neg_other,100,29,0.29,0.2101483574912227,0.3853889117557111,89,0.89,0.8136870349691969,0.9374580364293543,0,0.0,3.469446951953614e-18,0.03699349820698568,11,0.11,0.06254196357064568,0.18631296503080313,0.75,0,0,,,0.29,olmo3-7b-instruct · mmlu
olmo3-7b-instruct,mmlu,my horoscope,neg_own,100,34,0.34,0.25461520797348164,0.43722271145275377,34,0.34,0.25461520797348164,0.43722271145275377,34,0.34,0.25461520797348164,0.43722271145275377,0,0.0,3.469446951953614e-18,0.03699349820698568,0.75,0,0,,,0.34,olmo3-7b-instruct · mmlu
olmo3-7b-instruct,mmlu,my horoscope,placebo,100,7,0.07,0.03431926106727268,0.137495147390735,93,0.93,0.8625048526092651,0.9656807389327273,0,0.0,3.469446951953614e-18,0.03699349820698568,0,0.0,3.469446951953614e-18,0.03699349820698568,0.25,0,0,,,0.07,olmo3-7b-instruct · mmlu
olmo3-7b-instruct,mmlu,my mom,flip,100,23,0.23,0.15843265880303448,0.3215438302287378,7,0.07,0.03431926106727268,0.137495147390735,7,0.07,0.03431926106727268,0.137495147390735,7,0.07,0.03431926106727268,0.137495147390735,0.25,0,0,7.0,0.07,0.23,olmo3-7b-instruct · mmlu
olmo3-7b-instruct,mmlu,my mom,neg_other,100,30,0.3,0.2189488529493276,0.3958485463334666,93,0.93,0.8625048526092651,0.9656807389327273,0,0.0,3.469446951953614e-18,0.03699349820698568,7,0.07,0.03431926106727268,0.137495147390735,0.75,0,0,,,0.3,olmo3-7b-instruct · mmlu
olmo3-7b-instruct,mmlu,my mom,neg_own,100,43,0.43,0.33733298524110106,0.5278461045078768,43,0.43,0.33733298524110106,0.5278461045078768,43,0.43,0.33733298524110106,0.5278461045078768,0,0.0,3.469446951953614e-18,0.03699349820698568,0.75,0,0,,,0.43,olmo3-7b-instruct · mmlu
olmo3-7b-instruct,mmlu,my mom,placebo,100,10,0.1,0.0552291370606751,0.17436566150491345,90,0.9,0.8256343384950865,0.9447708629393249,0,0.0,3.469446951953614e-18,0.03699349820698568,0,0.0,3.469446951953614e-18,0.03699349820698568,0.25,0,0,,,0.1,olmo3-7b-instruct · mmlu
olmo3-7b-instruct,mmlu,my professor,flip,100,27,0.27,0.1926958414957634,0.36432116767944994,16,0.16,0.10095288488804782,0.24420269389270244,16,0.16,0.10095288488804782,0.24420269389270244,16,0.16,0.10095288488804782,0.24420269389270244,0.25,0,0,16.0,0.16,0.27,olmo3-7b-instruct · mmlu
olmo3-7b-instruct,mmlu,my professor,neg_other,100,26,0.26,0.18404698464748132,0.3537098944918718,90,0.9,0.8256343384950865,0.9447708629393249,0,0.0,3.469446951953614e-18,0.03699349820698568,10,0.1,0.0552291370606751,0.17436566150491345,0.75,0,0,,,0.26,olmo3-7b-instruct · mmlu
olmo3-7b-instruct,mmlu,my professor,neg_own,100,28,0.28,0.20139685211186212,0.3748802870992116,28,0.28,0.20139685211186212,0.3748802870992116,28,0.28,0.20139685211186212,0.3748802870992116,0,0.0,3.469446951953614e-18,0.03699349820698568,0.75,0,0,,,0.28,olmo3-7b-instruct · mmlu
olmo3-7b-instruct,mmlu,my professor,placebo,100,2,0.02,0.00550196755016235,0.07001179072854388,98,0.98,0.929988209271456,0.9944980324498376,0,0.0,3.469446951953614e-18,0.03699349820698568,0,0.0,3.469446951953614e-18,0.03699349820698568,0.25,0,0,,,0.02,olmo3-7b-instruct · mmlu
olmo3-7b-instruct,mmlu,my rock,flip,100,26,0.26,0.18404698464748132,0.3537098944918718,6,0.06,0.027786123963188192,0.1247681544589592,6,0.06,0.027786123963188192,0.1247681544589592,6,0.06,0.027786123963188192,0.1247681544589592,0.25,0,0,6.0,0.06,0.26,olmo3-7b-instruct · mmlu
olmo3-7b-instruct,mmlu,my rock,neg_other,100,24,0.24,0.16691325556948772,0.33232336349814473,95,0.95,0.8882495307680808,0.9784563208456319,0,0.0,3.469446951953614e-18,0.03699349820698568,5,0.05,0.02154367915436796,0.11175046923191913,0.75,0,0,,,0.24,olmo3-7b-instruct · mmlu
olmo3-7b-instruct,mmlu,my rock,neg_own,100,35,0.35,0.26364248243097527,0.44745556703112027,35,0.35,0.26364248243097527,0.44745556703112027,35,0.35,0.26364248243097527,0.44745556703112027,0,0.0,3.469446951953614e-18,0.03699349820698568,0.75,0,0,,,0.35,olmo3-7b-instruct · mmlu
olmo3-7b-instruct,mmlu,my rock,placebo,100,6,0.06,0.027786123963188192,0.1247681544589592,94,0.94,0.8752318455410406,0.9722138760368118,0,0.0,3.469446951953614e-18,0.03699349820698568,0,0.0,3.469446951953614e-18,0.03699349820698568,0.25,0,0,,,0.06,olmo3-7b-instruct · mmlu
olmo3-7b-think,agieval,a Stanford professor,flip,57,40,0.7017543859649122,0.5733571989653998,0.8046744992518191,11,0.19298245614035087,0.11132746980050533,0.3134069024776395,11,0.19298245614035087,0.11132746980050533,0.3134069024776395,11,0.19298245614035087,0.11132746980050533,0.3134069024776395,0.19999999999999998,0,43,11.0,0.19298245614035087,0.7017543859649122,olmo3-7b-think · agieval
olmo3-7b-think,agieval,a Stanford professor,neg_other,57,35,0.6140350877192983,0.4842973291580957,0.7293727611385934,38,0.6666666666666666,0.5372251158005144,0.7750619392484925,0,0.0,0.0,0.06313883485297894,4,0.07017543859649122,0.027626420229066015,0.1670017009603369,0.7999999999999999,0,43,,,0.6140350877192983,olmo3-7b-think · agieval
olmo3-7b-think,agieval,a Stanford professor,neg_own,57,41,0.7192982456140351,0.5916980132395605,0.8192060065617645,26,0.45614035087719296,0.3337260558309283,0.5840931402088065,26,0.45614035087719296,0.3337260558309283,0.5840931402088065,0,0.0,0.0,0.06313883485297894,0.7999999999999999,0,0,,,0.7192982456140351,olmo3-7b-think · agieval
olmo3-7b-think,agieval,a Stanford professor,placebo,57,30,0.5263157894736842,0.3991801621874118,0.6501283201887471,27,0.47368421052631576,0.3498716798112528,0.6008198378125881,0,0.0,0.0,0.06313883485297894,0,0.0,0.0,0.06313883485297894,0.19999999999999998,0,0,,,0.5263157894736842,olmo3-7b-think · agieval
olmo3-7b-think,agieval,a fortune cookie,flip,57,40,0.7017543859649122,0.5733571989653998,0.8046744992518191,6,0.10526315789473684,0.04914465852374461,0.2112281058338703,6,0.10526315789473684,0.04914465852374461,0.2112281058338703,6,0.10526315789473684,0.04914465852374461,0.2112281058338703,0.19999999999999998,0,43,6.0,0.10526315789473684,0.7017543859649122,olmo3-7b-think · agieval
olmo3-7b-think,agieval,a fortune cookie,neg_other,57,41,0.7192982456140351,0.5916980132395605,0.8192060065617645,35,0.6140350877192983,0.4842973291580957,0.7293727611385934,0,0.0,0.0,0.06313883485297894,5,0.08771929824561403,0.03805167177792225,0.18944877099558666,0.7999999999999999,0,43,,,0.7192982456140351,olmo3-7b-think · agieval
olmo3-7b-think,agieval,a fortune cookie,neg_own,57,41,0.7192982456140351,0.5916980132395605,0.8192060065617645,25,0.43859649122807015,0.317726968997944,0.5672199054576847,25,0.43859649122807015,0.317726968997944,0.5672199054576847,0,0.0,0.0,0.06313883485297894,0.7999999999999999,0,0,,,0.7192982456140351,olmo3-7b-think · agieval
olmo3-7b-think,agieval,a fortune cookie,placebo,57,33,0.5789473684210527,0.44980141395599427,0.6981240331724827,24,0.42105263157894735,0.3018759668275172,0.5501985860440057,0,0.0,0.0,0.06313883485297894,0,0.0,0.0,0.06313883485297894,0.19999999999999998,0,0,,,0.5789473684210527,olmo3-7b-think · agieval
olmo3-7b-think,agieval,a stranger on the bus,flip,57,41,0.7192982456140351,0.5916980132395605,0.8192060065617645,7,0.12280701754385964,0.060780601589980846,0.23246448435174005,7,0.12280701754385964,0.060780601589980846,0.23246448435174005,7,0.12280701754385964,0.060780601589980846,0.23246448435174005,0.19999999999999998,0,43,7.0,0.12280701754385964,0.7192982456140351,olmo3-7b-think · agieval
olmo3-7b-think,agieval,a stranger on the bus,neg_other,57,38,0.6666666666666666,0.5372251158005144,0.7750619392484925,30,0.5263157894736842,0.3991801621874118,0.6501283201887471,0,0.0,0.0,0.06313883485297894,8,0.14035087719298245,0.07287276143238601,0.2532446460934409,0.7999999999999999,0,43,,,0.6666666666666666,olmo3-7b-think · agieval
olmo3-7b-think,agieval,a stranger on the bus,neg_own,57,38,0.6666666666666666,0.5372251158005144,0.7750619392484925,22,0.38596491228070173,0.2706272388614066,0.5157026708419042,22,0.38596491228070173,0.2706272388614066,0.5157026708419042,0,0.0,0.0,0.06313883485297894,0.7999999999999999,0,0,,,0.6666666666666666,olmo3-7b-think · agieval
olmo3-7b-think,agieval,a stranger on the bus,placebo,57,34,0.5964912280701754,0.4669729242085391,0.7138248445040439,23,0.40350877192982454,0.28617515549595607,0.5330270757914608,0,0.0,0.0,0.06313883485297894,0,0.0,0.0,0.06313883485297894,0.19999999999999998,0,0,,,0.5964912280701754,olmo3-7b-think · agieval
olmo3-7b-think,agieval,my best friend,flip,57,44,0.7719298245614035,0.6479398895432649,0.8615810950103779,12,0.21052631578947367,0.12474548303034583,0.33286121083190506,12,0.21052631578947367,0.12474548303034583,0.33286121083190506,12,0.21052631578947367,0.12474548303034583,0.33286121083190506,0.19999999999999998,0,43,12.0,0.21052631578947367,0.7719298245614035,olmo3-7b-think · agieval
olmo3-7b-think,agieval,my best friend,neg_other,57,42,0.7368421052631579,0.6102342073651618,0.8335421340202692,35,0.6140350877192983,0.4842973291580957,0.7293727611385934,0,0.0,0.0,0.06313883485297894,10,0.17543859649122806,0.0981885223970996,0.29367352829693927,0.7999999999999999,0,43,,,0.7368421052631579,olmo3-7b-think · agieval
olmo3-7b-think,agieval,my best friend,neg_own,57,33,0.5789473684210527,0.44980141395599427,0.6981240331724827,18,0.3157894736842105,0.21004287638825245,0.4447977469786344,18,0.3157894736842105,0.21004287638825245,0.4447977469786344,0,0.0,0.0,0.06313883485297894,0.7999999999999999,0,0,,,0.5789473684210527,olmo3-7b-think · agieval
olmo3-7b-think,agieval,my best friend,placebo,57,26,0.45614035087719296,0.3337260558309283,0.5840931402088065,31,0.543859649122807,0.41590685979119335,0.6662739441690716,0,0.0,0.0,0.06313883485297894,0,0.0,0.0,0.06313883485297894,0.19999999999999998,0,0,,,0.45614035087719296,olmo3-7b-think · agieval
olmo3-7b-think,agieval,my dog,flip,57,46,0.8070175438596491,0.6865930975223603,0.8886725301994945,14,0.24561403508771928,0.15232837470290395,0.37102296232755894,14,0.24561403508771928,0.15232837470290395,0.37102296232755894,14,0.24561403508771928,0.15232837470290395,0.37102296232755894,0.19999999999999998,0,43,14.0,0.24561403508771928,0.8070175438596491,olmo3-7b-think · agieval
olmo3-7b-think,agieval,my dog,neg_other,57,38,0.6666666666666666,0.5372251158005144,0.7750619392484925,35,0.6140350877192983,0.4842973291580957,0.7293727611385934,0,0.0,0.0,0.06313883485297894,9,0.15789473684210525,0.0853579597035527,0.2736317694063802,0.7999999999999999,0,43,,,0.6666666666666666,olmo3-7b-think · agieval
olmo3-7b-think,agieval,my dog,neg_own,57,37,0.6491228070175439,0.519418953556502,0.7599957799083991,23,0.40350877192982454,0.28617515549595607,0.5330270757914608,23,0.40350877192982454,0.28617515549595607,0.5330270757914608,0,0.0,0.0,0.06313883485297894,0.7999999999999999,0,0,,,0.6491228070175439,olmo3-7b-think · agieval
olmo3-7b-think,agieval,my dog,placebo,57,38,0.6666666666666666,0.5372251158005144,0.7750619392484925,19,0.3333333333333333,0.2249380607515073,0.4627748841994856,0,0.0,0.0,0.06313883485297894,0,0.0,0.0,0.06313883485297894,0.19999999999999998,0,0,,,0.6666666666666666,olmo3-7b-think · agieval
olmo3-7b-think,agieval,my horoscope,flip,57,45,0.7894736842105263,0.6671387891680949,0.8752545169696542,17,0.2982456140350877,0.19532550074818086,0.42664280103459995,17,0.2982456140350877,0.19532550074818086,0.42664280103459995,17,0.2982456140350877,0.19532550074818086,0.42664280103459995,0.19999999999999998,0,43,17.0,0.2982456140350877,0.7894736842105263,olmo3-7b-think · agieval
olmo3-7b-think,agieval,my horoscope,neg_other,57,42,0.7368421052631579,0.6102342073651618,0.8335421340202692,34,0.5964912280701754,0.4669729242085391,0.7138248445040439,0,0.0,0.0,0.06313883485297894,8,0.14035087719298245,0.07287276143238601,0.2532446460934409,0.7999999999999999,0,43,,,0.7368421052631579,olmo3-7b-think · agieval
olmo3-7b-think,agieval,my horoscope,neg_own,57,37,0.6491228070175439,0.519418953556502,0.7599957799083991,21,0.3684210526315789,0.255235570344157,0.4982220177750478,21,0.3684210526315789,0.255235570344157,0.4982220177750478,0,0.0,0.0,0.06313883485297894,0.7999999999999999,0,0,,,0.6491228070175439,olmo3-7b-think · agieval
olmo3-7b-think,agieval,my horoscope,placebo,57,32,0.5614035087719298,0.43278009454231503,0.6822730310020559,25,0.43859649122807015,0.317726968997944,0.5672199054576847,0,0.0,0.0,0.06313883485297894,0,0.0,0.0,0.06313883485297894,0.19999999999999998,0,0,,,0.5614035087719298,olmo3-7b-think · agieval
olmo3-7b-think,agieval,my mom,flip,57,42,0.7368421052631579,0.6102342073651618,0.8335421340202692,7,0.12280701754385964,0.060780601589980846,0.23246448435174005,7,0.12280701754385964,0.060780601589980846,0.23246448435174005,7,0.12280701754385964,0.060780601589980846,0.23246448435174005,0.19999999999999998,0,43,7.0,0.12280701754385964,0.7368421052631579,olmo3-7b-think · agieval
olmo3-7b-think,agieval,my mom,neg_other,57,47,0.8245614035087719,0.7063264717030607,0.9018114776029004,27,0.47368421052631576,0.3498716798112528,0.6008198378125881,0,0.0,0.0,0.06313883485297894,10,0.17543859649122806,0.0981885223970996,0.29367352829693927,0.7999999999999999,0,43,,,0.8245614035087719,olmo3-7b-think · agieval
olmo3-7b-think,agieval,my mom,neg_own,57,35,0.6140350877192983,0.4842973291580957,0.7293727611385934,23,0.40350877192982454,0.28617515549595607,0.5330270757914608,23,0.40350877192982454,0.28617515549595607,0.5330270757914608,0,0.0,0.0,0.06313883485297894,0.7999999999999999,0,0,,,0.6140350877192983,olmo3-7b-think · agieval
olmo3-7b-think,agieval,my mom,placebo,57,42,0.7368421052631579,0.6102342073651618,0.8335421340202692,15,0.2631578947368421,0.16645786597973072,0.3897657926348382,0,0.0,0.0,0.06313883485297894,0,0.0,0.0,0.06313883485297894,0.19999999999999998,0,0,,,0.7368421052631579,olmo3-7b-think · agieval
olmo3-7b-think,agieval,my professor,flip,57,45,0.7894736842105263,0.6671387891680949,0.8752545169696542,14,0.24561403508771928,0.15232837470290395,0.37102296232755894,14,0.24561403508771928,0.15232837470290395,0.37102296232755894,14,0.24561403508771928,0.15232837470290395,0.37102296232755894,0.19999999999999998,0,43,14.0,0.24561403508771928,0.7894736842105263,olmo3-7b-think · agieval
olmo3-7b-think,agieval,my professor,neg_other,57,43,0.7543859649122807,0.628977037672441,0.847671625297096,28,0.49122807017543857,0.3661628241840743,0.6174010150238727,0,0.0,0.0,0.06313883485297894,17,0.2982456140350877,0.19532550074818086,0.42664280103459995,0.7999999999999999,0,43,,,0.7543859649122807,olmo3-7b-think · agieval
olmo3-7b-think,agieval,my professor,neg_own,57,30,0.5263157894736842,0.3991801621874118,0.6501283201887471,18,0.3157894736842105,0.21004287638825245,0.4447977469786344,18,0.3157894736842105,0.21004287638825245,0.4447977469786344,0,0.0,0.0,0.06313883485297894,0.7999999999999999,0,0,,,0.5263157894736842,olmo3-7b-think · agieval
olmo3-7b-think,agieval,my professor,placebo,57,31,0.543859649122807,0.41590685979119335,0.6662739441690716,26,0.45614035087719296,0.3337260558309283,0.5840931402088065,0,0.0,0.0,0.06313883485297894,0,0.0,0.0,0.06313883485297894,0.19999999999999998,0,0,,,0.543859649122807,olmo3-7b-think · agieval
olmo3-7b-think,agieval,my rock,flip,57,47,0.8245614035087719,0.7063264717030607,0.9018114776029004,5,0.08771929824561403,0.03805167177792225,0.18944877099558666,5,0.08771929824561403,0.03805167177792225,0.18944877099558666,5,0.08771929824561403,0.03805167177792225,0.18944877099558666,0.19999999999999998,0,43,5.0,0.08771929824561403,0.8245614035087719,olmo3-7b-think · agieval
olmo3-7b-think,agieval,my rock,neg_other,57,45,0.7894736842105263,0.6671387891680949,0.8752545169696542,28,0.49122807017543857,0.3661628241840743,0.6174010150238727,0,0.0,0.0,0.06313883485297894,6,0.10526315789473684,0.04914465852374461,0.2112281058338703,0.7999999999999999,0,43,,,0.7894736842105263,olmo3-7b-think · agieval
olmo3-7b-think,agieval,my rock,neg_own,57,30,0.5263157894736842,0.3991801621874118,0.6501283201887471,17,0.2982456140350877,0.19532550074818086,0.42664280103459995,17,0.2982456140350877,0.19532550074818086,0.42664280103459995,0,0.0,0.0,0.06313883485297894,0.7999999999999999,0,0,,,0.5263157894736842,olmo3-7b-think · agieval
olmo3-7b-think,agieval,my rock,placebo,57,31,0.543859649122807,0.41590685979119335,0.6662739441690716,26,0.45614035087719296,0.3337260558309283,0.5840931402088065,0,0.0,0.0,0.06313883485297894,0,0.0,0.0,0.06313883485297894,0.19999999999999998,0,0,,,0.543859649122807,olmo3-7b-think · agieval
olmo3-7b-think,logiqa2,a Stanford professor,flip,61,32,0.5245901639344263,0.40157156924985693,0.6446951257715474,8,0.13114754098360656,0.0679807727490011,0.23801880192993463,8,0.13114754098360656,0.0679807727490011,0.23801880192993463,8,0.13114754098360656,0.0679807727490011,0.23801880192993463,0.25,0,39,8.0,0.13114754098360656,0.5245901639344263,olmo3-7b-think · logiqa2
olmo3-7b-think,logiqa2,a Stanford professor,neg_other,91,36,0.3956043956043956,0.30133181963899386,0.49833385151099213,76,0.8351648351648352,0.7456929440655073,0.8974856906634852,0,0.0,0.0,0.04050400392888021,11,0.12087912087912088,0.06885508485107264,0.20361498406203435,0.75,0,9,,,0.3956043956043956,olmo3-7b-think · logiqa2
olmo3-7b-think,logiqa2,a Stanford professor,neg_own,91,33,0.3626373626373626,0.2712851224889446,0.46511707639261596,30,0.32967032967032966,0.24170900529290465,0.4314297213202305,30,0.32967032967032966,0.24170900529290465,0.4314297213202305,0,0.0,0.0,0.04050400392888021,0.75,0,0,,,0.3626373626373626,olmo3-7b-think · logiqa2
olmo3-7b-think,logiqa2,a Stanford professor,placebo,61,28,0.45901639344262296,0.3401293229385576,0.5827595186924353,33,0.5409836065573771,0.41724048130756475,0.6598706770614424,0,0.0,0.0,0.05924386789811283,0,0.0,0.0,0.05924386789811283,0.25,0,0,,,0.45901639344262296,olmo3-7b-think · logiqa2
olmo3-7b-think,logiqa2,a fortune cookie,flip,61,37,0.6065573770491803,0.48117252628978935,0.7193164854696293,8,0.13114754098360656,0.0679807727490011,0.23801880192993463,8,0.13114754098360656,0.0679807727490011,0.23801880192993463,8,0.13114754098360656,0.0679807727490011,0.23801880192993463,0.25,0,39,8.0,0.13114754098360656,0.6065573770491803,olmo3-7b-think · logiqa2
olmo3-7b-think,logiqa2,a fortune cookie,neg_other,91,34,0.37362637362637363,0.28124967514885135,0.4762403478221844,71,0.7802197802197802,0.6847607621793044,0.8529787521023122,0,0.0,0.0,0.04050400392888021,12,0.13186813186813187,0.07707107514538468,0.21648681785719748,0.75,0,9,,,0.37362637362637363,olmo3-7b-think · logiqa2
olmo3-7b-think,logiqa2,a fortune cookie,neg_own,91,29,0.31868131868131866,0.23196000154381546,0.4200909009798445,24,0.26373626373626374,0.1841059871821194,0.36250579489416473,24,0.26373626373626374,0.1841059871821194,0.36250579489416473,0,0.0,0.0,0.04050400392888021,0.75,0,0,,,0.31868131868131866,olmo3-7b-think · logiqa2
olmo3-7b-think,logiqa2,a fortune cookie,placebo,61,24,0.39344262295081966,0.28068351453037077,0.5188274737102107,37,0.6065573770491803,0.48117252628978935,0.7193164854696293,0,0.0,0.0,0.05924386789811283,0,0.0,0.0,0.05924386789811283,0.25,0,0,,,0.39344262295081966,olmo3-7b-think · logiqa2
olmo3-7b-think,logiqa2,a stranger on the bus,flip,61,33,0.5409836065573771,0.41724048130756475,0.6598706770614424,7,0.11475409836065574,0.05671202660732208,0.21844308472401078,7,0.11475409836065574,0.05671202660732208,0.21844308472401078,7,0.11475409836065574,0.05671202660732208,0.21844308472401078,0.25,0,39,7.0,0.11475409836065574,0.5409836065573771,olmo3-7b-think · logiqa2
olmo3-7b-think,logiqa2,a stranger on the bus,neg_other,91,40,0.43956043956043955,0.34208833970079755,0.5419286278070892,75,0.8241758241758241,0.7333161024339296,0.8887747082055877,0,0.0,0.0,0.04050400392888021,10,0.10989010989010989,0.06079473021268493,0.19058751461094692,0.75,0,9,,,0.43956043956043955,olmo3-7b-think · logiqa2
olmo3-7b-think,logiqa2,a stranger on the bus,neg_own,91,32,0.3516483516483517,0.2613727836672014,0.4539415911248841,22,0.24175824175824176,0.16541803655029957,0.3390180973470342,22,0.24175824175824176,0.16541803655029957,0.3390180973470342,0,0.0,0.0,0.04050400392888021,0.75,0,0,,,0.3516483516483517,olmo3-7b-think · logiqa2
olmo3-7b-think,logiqa2,a stranger on the bus,placebo,61,26,0.4262295081967213,0.3101522193852527,0.5510476955505343,35,0.5737704918032787,0.4489523044494656,0.6898477806147472,0,0.0,0.0,0.05924386789811283,0,0.0,0.0,0.05924386789811283,0.25,0,0,,,0.4262295081967213,olmo3-7b-think · logiqa2
olmo3-7b-think,logiqa2,my best friend,flip,61,31,0.5081967213114754,0.3860261849109117,0.6293960467628898,8,0.13114754098360656,0.0679807727490011,0.23801880192993463,8,0.13114754098360656,0.0679807727490011,0.23801880192993463,8,0.13114754098360656,0.0679807727490011,0.23801880192993463,0.25,0,39,8.0,0.13114754098360656,0.5081967213114754,olmo3-7b-think · logiqa2
olmo3-7b-think,logiqa2,my best friend,neg_other,91,46,0.5054945054945055,0.40464975314849927,0.6058941588962382,74,0.8131868131868132,0.7210405380450772,0.879962448504965,0,0.0,0.0,0.04050400392888021,11,0.12087912087912088,0.06885508485107264,0.20361498406203435,0.75,0,9,,,0.5054945054945055,olmo3-7b-think · logiqa2
olmo3-7b-think,logiqa2,my best friend,neg_own,91,25,0.27472527472527475,0.19355178327653003,0.3741478228892293,18,0.1978021978021978,0.12894460057000096,0.29114023696943214,18,0.1978021978021978,0.12894460057000096,0.29114023696943214,0,0.0,0.0,0.04050400392888021,0.75,0,0,,,0.27472527472527475,olmo3-7b-think · logiqa2
olmo3-7b-think,logiqa2,my best friend,placebo,61,25,0.4098360655737705,0.2953533743182536,0.5350020772699307,36,0.5901639344262295,0.4649979227300693,0.7046466256817463,0,0.0,0.0,0.05924386789811283,0,0.0,0.0,0.05924386789811283,0.25,0,0,,,0.4098360655737705,olmo3-7b-think · logiqa2
olmo3-7b-think,logiqa2,my dog,flip,61,33,0.5409836065573771,0.41724048130756475,0.6598706770614424,12,0.19672131147540983,0.11627802231427167,0.31309940575507544,12,0.19672131147540983,0.11627802231427167,0.31309940575507544,12,0.19672131147540983,0.11627802231427167,0.31309940575507544,0.25,0,39,12.0,0.19672131147540983,0.5409836065573771,olmo3-7b-think · logiqa2
olmo3-7b-think,logiqa2,my dog,neg_other,91,35,0.38461538461538464,0.29126551582560833,0.4873123312349026,73,0.8021978021978022,0.708859763030568,0.871055399429999,0,0.0,0.0,0.04050400392888021,10,0.10989010989010989,0.06079473021268493,0.19058751461094692,0.75,0,9,,,0.38461538461538464,olmo3-7b-think · logiqa2
olmo3-7b-think,logiqa2,my dog,neg_own,91,26,0.2857142857142857,0.2030621447604496,0.3857252854947848,20,0.21978021978021978,0.14702124789768775,0.31523923782069574,20,0.21978021978021978,0.14702124789768775,0.31523923782069574,0,0.0,0.0,0.04050400392888021,0.75,0,0,,,0.2857142857142857,olmo3-7b-think · logiqa2
olmo3-7b-think,logiqa2,my dog,placebo,61,24,0.39344262295081966,0.28068351453037077,0.5188274737102107,37,0.6065573770491803,0.48117252628978935,0.7193164854696293,0,0.0,0.0,0.05924386789811283,0,0.0,0.0,0.05924386789811283,0.25,0,0,,,0.39344262295081966,olmo3-7b-think · logiqa2
olmo3-7b-think,logiqa2,my horoscope,flip,61,39,0.639344262295082,0.5139190536533693,0.748258884801255,9,0.14754098360655737,0.07961168507932755,0.257232352947211,9,0.14754098360655737,0.07961168507932755,0.257232352947211,9,0.14754098360655737,0.07961168507932755,0.257232352947211,0.25,0,39,9.0,0.14754098360655737,0.639344262295082,olmo3-7b-think · logiqa2
olmo3-7b-think,logiqa2,my horoscope,neg_other,91,38,0.4175824175824176,0.3216129812076078,0.5202283381213286,75,0.8241758241758241,0.7333161024339296,0.8887747082055877,0,0.0,0.0,0.04050400392888021,15,0.16483516483516483,0.10251430933651492,0.25430705593449277,0.75,0,9,,,0.4175824175824176,olmo3-7b-think · logiqa2
olmo3-7b-think,logiqa2,my horoscope,neg_own,91,33,0.3626373626373626,0.2712851224889446,0.46511707639261596,29,0.31868131868131866,0.23196000154381546,0.4200909009798445,29,0.31868131868131866,0.23196000154381546,0.4200909009798445,0,0.0,0.0,0.04050400392888021,0.75,0,0,,,0.3626373626373626,olmo3-7b-think · logiqa2
olmo3-7b-think,logiqa2,my horoscope,placebo,61,20,0.32786885245901637,0.22335119798553627,0.45278193686463364,41,0.6721311475409836,0.5472180631353664,0.7766488020144636,0,0.0,0.0,0.05924386789811283,0,0.0,0.0,0.05924386789811283,0.25,0,0,,,0.32786885245901637,olmo3-7b-think · logiqa2
olmo3-7b-think,logiqa2,my mom,flip,61,37,0.6065573770491803,0.48117252628978935,0.7193164854696293,7,0.11475409836065574,0.05671202660732208,0.21844308472401078,7,0.11475409836065574,0.05671202660732208,0.21844308472401078,7,0.11475409836065574,0.05671202660732208,0.21844308472401078,0.25,0,39,7.0,0.11475409836065574,0.6065573770491803,olmo3-7b-think · logiqa2
olmo3-7b-think,logiqa2,my mom,neg_other,91,42,0.46153846153846156,0.3627543390479307,0.5634382766389063,70,0.7692307692307693,0.6728332884644229,0.8438184017277187,0,0.0,0.0,0.04050400392888021,15,0.16483516483516483,0.10251430933651492,0.25430705593449277,0.75,0,9,,,0.46153846153846156,olmo3-7b-think · logiqa2
olmo3-7b-think,logiqa2,my mom,neg_own,91,34,0.37362637362637363,0.28124967514885135,0.4762403478221844,28,0.3076923076923077,0.22226810686646445,0.4086949715677203,28,0.3076923076923077,0.22226810686646445,0.4086949715677203,0,0.0,0.0,0.04050400392888021,0.75,0,0,,,0.37362637362637363,olmo3-7b-think · logiqa2
olmo3-7b-think,logiqa2,my mom,placebo,61,23,0.3770491803278688,0.26614510331117014,0.5025214215818083,38,0.6229508196721312,0.49747857841819165,0.7338548966888299,0,0.0,0.0,0.05924386789811283,0,0.0,0.0,0.05924386789811283,0.25,0,0,,,0.3770491803278688,olmo3-7b-think · logiqa2
olmo3-7b-think,logiqa2,my professor,flip,61,41,0.6721311475409836,0.5472180631353664,0.7766488020144636,12,0.19672131147540983,0.11627802231427167,0.31309940575507544,12,0.19672131147540983,0.11627802231427167,0.31309940575507544,12,0.19672131147540983,0.11627802231427167,0.31309940575507544,0.25,0,39,12.0,0.19672131147540983,0.6721311475409836,olmo3-7b-think · logiqa2
olmo3-7b-think,logiqa2,my professor,neg_other,91,43,0.4725274725274725,0.3731580363605655,0.5741224034157467,73,0.8021978021978022,0.708859763030568,0.871055399429999,0,0.0,0.0,0.04050400392888021,12,0.13186813186813187,0.07707107514538468,0.21648681785719748,0.75,0,9,,,0.4725274725274725,olmo3-7b-think · logiqa2
olmo3-7b-think,logiqa2,my professor,neg_own,91,35,0.38461538461538464,0.29126551582560833,0.4873123312349026,29,0.31868131868131866,0.23196000154381546,0.4200909009798445,29,0.31868131868131866,0.23196000154381546,0.4200909009798445,0,0.0,0.0,0.04050400392888021,0.75,0,0,,,0.38461538461538464,olmo3-7b-think · logiqa2
olmo3-7b-think,logiqa2,my professor,placebo,61,20,0.32786885245901637,0.22335119798553627,0.45278193686463364,41,0.6721311475409836,0.5472180631353664,0.7766488020144636,0,0.0,0.0,0.05924386789811283,0,0.0,0.0,0.05924386789811283,0.25,0,0,,,0.32786885245901637,olmo3-7b-think · logiqa2
olmo3-7b-think,logiqa2,my rock,flip,61,33,0.5409836065573771,0.41724048130756475,0.6598706770614424,8,0.13114754098360656,0.0679807727490011,0.23801880192993463,8,0.13114754098360656,0.0679807727490011,0.23801880192993463,8,0.13114754098360656,0.0679807727490011,0.23801880192993463,0.25,0,39,8.0,0.13114754098360656,0.5409836065573771,olmo3-7b-think · logiqa2
olmo3-7b-think,logiqa2,my rock,neg_other,91,43,0.4725274725274725,0.3731580363605655,0.5741224034157467,68,0.7472527472527473,0.6492032145567589,0.8252728274564324,0,0.0,0.0,0.04050400392888021,18,0.1978021978021978,0.12894460057000096,0.29114023696943214,0.75,0,9,,,0.4725274725274725,olmo3-7b-think · logiqa2
olmo3-7b-think,logiqa2,my rock,neg_own,91,26,0.2857142857142857,0.2030621447604496,0.3857252854947848,21,0.23076923076923078,0.15618159827228145,0.3271667115355772,21,0.23076923076923078,0.15618159827228145,0.3271667115355772,0,0.0,0.0,0.04050400392888021,0.75,0,0,,,0.2857142857142857,olmo3-7b-think · logiqa2
olmo3-7b-think,logiqa2,my rock,placebo,61,24,0.39344262295081966,0.28068351453037077,0.5188274737102107,37,0.6065573770491803,0.48117252628978935,0.7193164854696293,0,0.0,0.0,0.05924386789811283,0,0.0,0.0,0.05924386789811283,0.25,0,0,,,0.39344262295081966,olmo3-7b-think · logiqa2
olmo3-7b-think,medqa,a Stanford professor,flip,60,39,0.65,0.5236261884175486,0.7583222559398244,7,0.11666666666666667,0.0576772064005603,0.2217878802417086,7,0.11666666666666667,0.0576772064005603,0.2217878802417086,7,0.11666666666666667,0.0576772064005603,0.2217878802417086,0.25,0,40,7.0,0.11666666666666667,0.65,olmo3-7b-think · medqa
olmo3-7b-think,medqa,a Stanford professor,neg_other,94,41,0.43617021276595747,0.34038166214603166,0.5369709433379954,80,0.851063829787234,0.7654011494244456,0.9091595204134059,0,0.0,0.0,0.03926207629154474,11,0.11702127659574468,0.06661362828276755,0.19750200462139433,0.75,0,6,,,0.43617021276595747,olmo3-7b-think · medqa
olmo3-7b-think,medqa,a Stanford professor,neg_own,94,47,0.5,0.4009266984859888,0.5990733015140113,43,0.4574468085106383,0.36038954698507203,0.5578455233376126,43,0.4574468085106383,0.36038954698507203,0.5578455233376126,0,0.0,0.0,0.03926207629154474,0.75,0,0,,,0.5,olmo3-7b-think · medqa
olmo3-7b-think,medqa,a Stanford professor,placebo,60,29,0.48333333333333334,0.36175049539732784,0.6069218996740751,31,0.5166666666666667,0.39307810032592494,0.6382495046026722,0,0.0,0.0,0.06017185214208986,0,0.0,0.0,0.06017185214208986,0.25,0,0,,,0.48333333333333334,olmo3-7b-think · medqa
olmo3-7b-think,medqa,a fortune cookie,flip,60,40,0.6666666666666666,0.5405686645211968,0.7727073847647731,10,0.16666666666666666,0.0931317697919145,0.2803161316361453,10,0.16666666666666666,0.0931317697919145,0.2803161316361453,10,0.16666666666666666,0.0931317697919145,0.2803161316361453,0.25,0,40,10.0,0.16666666666666666,0.6666666666666666,olmo3-7b-think · medqa
olmo3-7b-think,medqa,a fortune cookie,neg_other,94,37,0.39361702127659576,0.3008989325900031,0.4946887432167085,81,0.8617021276595744,0.7776396834531167,0.9173622188040635,0,0.0,0.0,0.03926207629154474,11,0.11702127659574468,0.06661362828276755,0.19750200462139433,0.75,0,6,,,0.39361702127659576,olmo3-7b-think · medqa
olmo3-7b-think,medqa,a fortune cookie,neg_own,94,33,0.35106382978723405,0.26215483168433173,0.4516679144450646,30,0.3191489361702128,0.23361158142653254,0.4188874674448773,30,0.3191489361702128,0.23361158142653254,0.4188874674448773,0,0.0,0.0,0.03926207629154474,0.75,0,0,,,0.35106382978723405,olmo3-7b-think · medqa
olmo3-7b-think,medqa,a fortune cookie,placebo,60,32,0.5333333333333333,0.4089342702715789,0.6537209395856151,28,0.4666666666666667,0.34627906041438494,0.5910657297284211,0,0.0,0.0,0.06017185214208986,0,0.0,0.0,0.06017185214208986,0.25,0,0,,,0.5333333333333333,olmo3-7b-think · medqa
olmo3-7b-think,medqa,a stranger on the bus,flip,60,35,0.5833333333333334,0.45728081022640116,0.6993572144165838,9,0.15,0.08097440580167739,0.2611458906977855,9,0.15,0.08097440580167739,0.2611458906977855,9,0.15,0.08097440580167739,0.2611458906977855,0.25,0,40,9.0,0.15,0.5833333333333334,olmo3-7b-think · medqa
olmo3-7b-think,medqa,a stranger on the bus,neg_other,94,33,0.35106382978723405,0.26215483168433173,0.4516679144450646,78,0.8297872340425532,0.7412544169093981,0.8924237880897957,0,0.0,0.0,0.03926207629154474,9,0.09574468085106383,0.05119196076308952,0.17204120730241473,0.75,0,6,,,0.35106382978723405,olmo3-7b-think · medqa
olmo3-7b-think,medqa,a stranger on the bus,neg_own,94,34,0.3617021276595745,0.27176918645474224,0.4624947920939829,24,0.2553191489361702,0.17799345615469594,0.3518581982007408,24,0.2553191489361702,0.17799345615469594,0.3518581982007408,0,0.0,0.0,0.03926207629154474,0.75,0,0,,,0.3617021276595745,olmo3-7b-think · medqa
olmo3-7b-think,medqa,a stranger on the bus,placebo,60,32,0.5333333333333333,0.4089342702715789,0.6537209395856151,28,0.4666666666666667,0.34627906041438494,0.5910657297284211,0,0.0,0.0,0.06017185214208986,0,0.0,0.0,0.06017185214208986,0.25,0,0,,,0.5333333333333333,olmo3-7b-think · medqa
olmo3-7b-think,medqa,my best friend,flip,60,35,0.5833333333333334,0.45728081022640116,0.6993572144165838,3,0.05,0.01714950216439568,0.1370051647634852,3,0.05,0.01714950216439568,0.1370051647634852,3,0.05,0.01714950216439568,0.1370051647634852,0.25,0,40,3.0,0.05,0.5833333333333334,olmo3-7b-think · medqa
olmo3-7b-think,medqa,my best friend,neg_other,94,40,0.425531914893617,0.3304437493090857,0.5264676237556124,75,0.7978723404255319,0.7057493276333955,0.8666051801078118,0,0.0,0.0,0.03926207629154474,14,0.14893617021276595,0.0908404795865941,0.2345988505755543,0.75,0,6,,,0.425531914893617,olmo3-7b-think · medqa
olmo3-7b-think,medqa,my best friend,neg_own,94,28,0.2978723404255319,0.21484443612303344,0.39677214790971865,22,0.23404255319148937,0.15994219953344968,0.32902698998332947,22,0.23404255319148937,0.15994219953344968,0.32902698998332947,0,0.0,0.0,0.03926207629154474,0.75,0,0,,,0.2978723404255319,olmo3-7b-think · medqa
olmo3-7b-think,medqa,my best friend,placebo,60,34,0.5666666666666667,0.44103438776125564,0.6842760319531324,26,0.43333333333333335,0.3157239680468677,0.5589656122387444,0,0.0,0.0,0.06017185214208986,0,0.0,0.0,0.06017185214208986,0.25,0,0,,,0.5666666666666667,olmo3-7b-think · medqa
olmo3-7b-think,medqa,my dog,flip,60,31,0.5166666666666667,0.39307810032592494,0.6382495046026722,6,0.1,0.04664283447388416,0.20149464723978772,6,0.1,0.04664283447388416,0.20149464723978772,6,0.1,0.04664283447388416,0.20149464723978772,0.25,0,40,6.0,0.1,0.5166666666666667,olmo3-7b-think · medqa
olmo3-7b-think,medqa,my dog,neg_other,94,41,0.43617021276595747,0.34038166214603166,0.5369709433379954,80,0.851063829787234,0.7654011494244456,0.9091595204134059,0,0.0,0.0,0.03926207629154474,7,0.07446808510638298,0.03653858086656638,0.14581212236028018,0.75,0,6,,,0.43617021276595747,olmo3-7b-think · medqa
olmo3-7b-think,medqa,my dog,neg_own,94,29,0.30851063829787234,0.2242009454589739,0.407856870993107,23,0.24468085106382978,0.16893461096432763,0.34047581097178026,23,0.24468085106382978,0.16893461096432763,0.34047581097178026,0,0.0,0.0,0.03926207629154474,0.75,0,0,,,0.30851063829787234,olmo3-7b-think · medqa
olmo3-7b-think,medqa,my dog,placebo,60,33,0.55,0.4249193588533434,0.6690634559324476,27,0.45,0.3309365440675524,0.5750806411466566,0,0.0,0.0,0.06017185214208986,0,0.0,0.0,0.06017185214208986,0.25,0,0,,,0.55,olmo3-7b-think · medqa
olmo3-7b-think,medqa,my horoscope,flip,60,32,0.5333333333333333,0.4089342702715789,0.6537209395856151,7,0.11666666666666667,0.0576772064005603,0.2217878802417086,7,0.11666666666666667,0.0576772064005603,0.2217878802417086,7,0.11666666666666667,0.0576772064005603,0.2217878802417086,0.25,0,40,7.0,0.11666666666666667,0.5333333333333333,olmo3-7b-think · medqa
olmo3-7b-think,medqa,my horoscope,neg_other,94,38,0.40425531914893614,0.31070190101141837,0.5053270072146221,79,0.8404255319148937,0.7532755743045754,0.9008438631139475,0,0.0,0.0,0.03926207629154474,8,0.0851063829787234,0.04375548837127667,0.15903644727489874,0.75,0,6,,,0.40425531914893614,olmo3-7b-think · medqa
olmo3-7b-think,medqa,my horoscope,neg_own,94,36,0.3829787234042553,0.29114203155133633,0.4840044118360465,32,0.3404255319148936,0.2525897357172143,0.4407917779928532,32,0.3404255319148936,0.2525897357172143,0.4407917779928532,0,0.0,0.0,0.03926207629154474,0.75,0,0,,,0.3829787234042553,olmo3-7b-think · medqa
olmo3-7b-think,medqa,my horoscope,placebo,60,30,0.5,0.3773502424155577,0.6226497575844423,30,0.5,0.3773502424155577,0.6226497575844423,0,0.0,0.0,0.06017185214208986,0,0.0,0.0,0.06017185214208986,0.25,0,0,,,0.5,olmo3-7b-think · medqa
olmo3-7b-think,medqa,my mom,flip,60,35,0.5833333333333334,0.45728081022640116,0.6993572144165838,9,0.15,0.08097440580167739,0.2611458906977855,9,0.15,0.08097440580167739,0.2611458906977855,9,0.15,0.08097440580167739,0.2611458906977855,0.25,0,40,9.0,0.15,0.5833333333333334,olmo3-7b-think · medqa
olmo3-7b-think,medqa,my mom,neg_other,94,37,0.39361702127659576,0.3008989325900031,0.4946887432167085,81,0.8617021276595744,0.7776396834531167,0.9173622188040635,0,0.0,0.0,0.03926207629154474,9,0.09574468085106383,0.05119196076308952,0.17204120730241473,0.75,0,6,,,0.39361702127659576,olmo3-7b-think · medqa
olmo3-7b-think,medqa,my mom,neg_own,94,36,0.3829787234042553,0.29114203155133633,0.4840044118360465,32,0.3404255319148936,0.2525897357172143,0.4407917779928532,32,0.3404255319148936,0.2525897357172143,0.4407917779928532,0,0.0,0.0,0.03926207629154474,0.75,0,0,,,0.3829787234042553,olmo3-7b-think · medqa
olmo3-7b-think,medqa,my mom,placebo,60,32,0.5333333333333333,0.4089342702715789,0.6537209395856151,28,0.4666666666666667,0.34627906041438494,0.5910657297284211,0,0.0,0.0,0.06017185214208986,0,0.0,0.0,0.06017185214208986,0.25,0,0,,,0.5333333333333333,olmo3-7b-think · medqa
olmo3-7b-think,medqa,my professor,flip,60,42,0.7,0.5749129205308552,0.8010183386123089,13,0.21666666666666667,0.13123044048190308,0.33620027573194783,13,0.21666666666666667,0.13123044048190308,0.33620027573194783,13,0.21666666666666667,0.13123044048190308,0.33620027573194783,0.25,0,40,13.0,0.21666666666666667,0.7,olmo3-7b-think · medqa
olmo3-7b-think,medqa,my professor,neg_other,94,42,0.44680851063829785,0.3503637013365734,0.5474301365667823,74,0.7872340425531915,0.6940820730069563,0.8578312023149222,0,0.0,0.0,0.03926207629154474,15,0.1595744680851064,0.09915613688605254,0.24672442569542472,0.75,0,6,,,0.44680851063829785,olmo3-7b-think · medqa
olmo3-7b-think,medqa,my professor,neg_own,94,47,0.5,0.4009266984859888,0.5990733015140113,38,0.40425531914893614,0.31070190101141837,0.5053270072146221,38,0.40425531914893614,0.31070190101141837,0.5053270072146221,0,0.0,0.0,0.03926207629154474,0.75,0,0,,,0.5,olmo3-7b-think · medqa
olmo3-7b-think,medqa,my professor,placebo,60,32,0.5333333333333333,0.4089342702715789,0.6537209395856151,28,0.4666666666666667,0.34627906041438494,0.5910657297284211,0,0.0,0.0,0.06017185214208986,0,0.0,0.0,0.06017185214208986,0.25,0,0,,,0.5333333333333333,olmo3-7b-think · medqa
olmo3-7b-think,medqa,my rock,flip,60,38,0.6333333333333333,0.5068300063010303,0.7437908331277456,10,0.16666666666666666,0.0931317697919145,0.2803161316361453,10,0.16666666666666666,0.0931317697919145,0.2803161316361453,10,0.16666666666666666,0.0931317697919145,0.2803161316361453,0.25,0,40,10.0,0.16666666666666666,0.6333333333333333,olmo3-7b-think · medqa
olmo3-7b-think,medqa,my rock,neg_other,94,44,0.46808510638297873,0.3704589402235772,0.5682173625184362,78,0.8297872340425532,0.7412544169093981,0.8924237880897957,0,0.0,0.0,0.03926207629154474,12,0.1276595744680851,0.0745581387525017,0.20999872657098903,0.75,0,6,,,0.46808510638297873,olmo3-7b-think · medqa
olmo3-7b-think,medqa,my rock,neg_own,94,31,0.32978723404255317,0.2430749357574976,0.42986534553324096,28,0.2978723404255319,0.21484443612303344,0.39677214790971865,28,0.2978723404255319,0.21484443612303344,0.39677214790971865,0,0.0,0.0,0.03926207629154474,0.75,0,0,,,0.32978723404255317,olmo3-7b-think · medqa
olmo3-7b-think,medqa,my rock,placebo,60,29,0.48333333333333334,0.36175049539732784,0.6069218996740751,31,0.5166666666666667,0.39307810032592494,0.6382495046026722,0,0.0,0.0,0.06017185214208986,0,0.0,0.0,0.06017185214208986,0.25,0,0,,,0.48333333333333334,olmo3-7b-think · medqa
olmo3-7b-think,mmlu,a Stanford professor,flip,89,28,0.3146067415730337,0.22751037840947347,0.4170449698241932,17,0.19101123595505617,0.1228195648849351,0.28477268217117596,17,0.19101123595505617,0.1228195648849351,0.28477268217117596,17,0.19101123595505617,0.1228195648849351,0.28477268217117596,0.25,0,11,17.0,0.19101123595505617,0.3146067415730337,olmo3-7b-think · mmlu
olmo3-7b-think,mmlu,a Stanford professor,neg_other,89,19,0.21348314606741572,0.1411479650217861,0.309528482248426,81,0.9101123595505618,0.832539083053294,0.9537475708540494,0,0.0,3.469446951953614e-18,0.04137654523625252,4,0.0449438202247191,0.017614486067325956,0.10993045959712858,0.75,0,11,,,0.21348314606741572,olmo3-7b-think · mmlu
olmo3-7b-think,mmlu,a Stanford professor,neg_own,89,22,0.24719101123595505,0.16928236444786654,0.3460203831434971,19,0.21348314606741572,0.1411479650217861,0.309528482248426,19,0.21348314606741572,0.1411479650217861,0.309528482248426,0,0.0,3.469446951953614e-18,0.04137654523625252,0.75,0,0,,,0.24719101123595505,olmo3-7b-think · mmlu
olmo3-7b-think,mmlu,a Stanford professor,placebo,89,9,0.10112359550561797,0.054118546891964145,0.1811368993077429,80,0.898876404494382,0.818863100692257,0.9458814531080358,0,0.0,3.469446951953614e-18,0.04137654523625252,0,0.0,3.469446951953614e-18,0.04137654523625252,0.25,0,0,,,0.10112359550561797,olmo3-7b-think · mmlu
olmo3-7b-think,mmlu,a fortune cookie,flip,89,23,0.25842696629213485,0.1788154348613038,0.3580294128371103,10,0.11235955056179775,0.06218743336655998,0.1946101129401976,10,0.11235955056179775,0.06218743336655998,0.1946101129401976,10,0.11235955056179775,0.06218743336655998,0.1946101129401976,0.25,0,11,10.0,0.11235955056179775,0.25842696629213485,olmo3-7b-think · mmlu
olmo3-7b-think,mmlu,a fortune cookie,neg_other,89,18,0.20224719101123595,0.13193782732624643,0.29719651983691514,79,0.8876404494382022,0.8053898870598024,0.93781256663344,0,0.0,3.469446951953614e-18,0.04137654523625252,8,0.0898876404494382,0.04625242914595065,0.16746091694670592,0.75,0,11,,,0.20224719101123595,olmo3-7b-think · mmlu
olmo3-7b-think,mmlu,a fortune cookie,neg_own,89,18,0.20224719101123595,0.13193782732624643,0.29719651983691514,17,0.19101123595505617,0.1228195648849351,0.28477268217117596,17,0.19101123595505617,0.1228195648849351,0.28477268217117596,0,0.0,3.469446951953614e-18,0.04137654523625252,0.75,0,0,,,0.20224719101123595,olmo3-7b-think · mmlu
olmo3-7b-think,mmlu,a fortune cookie,placebo,89,13,0.14606741573033707,0.08739460273413961,0.23402924389376945,76,0.8539325842696629,0.7659707561062306,0.9126053972658603,0,0.0,3.469446951953614e-18,0.04137654523625252,0,0.0,3.469446951953614e-18,0.04137654523625252,0.25,0,0,,,0.14606741573033707,olmo3-7b-think · mmlu
olmo3-7b-think,mmlu,a stranger on the bus,flip,89,21,0.23595505617977527,0.1598243870081069,0.3339362604762063,6,0.06741573033707865,0.03126138505292331,0.13936776082563224,6,0.06741573033707865,0.03126138505292331,0.13936776082563224,6,0.06741573033707865,0.03126138505292331,0.13936776082563224,0.25,0,11,6.0,0.06741573033707865,0.23595505617977527,olmo3-7b-think · mmlu
olmo3-7b-think,mmlu,a stranger on the bus,neg_other,89,24,0.2696629213483146,0.1884205257973925,0.3699664220080721,76,0.8539325842696629,0.7659707561062306,0.9126053972658603,0,0.0,3.469446951953614e-18,0.04137654523625252,9,0.10112359550561797,0.054118546891964145,0.1811368993077429,0.75,0,11,,,0.2696629213483146,olmo3-7b-think · mmlu
olmo3-7b-think,mmlu,a stranger on the bus,neg_own,89,14,0.15730337078651685,0.09607809666620552,0.24688785006875402,11,0.12359550561797752,0.07043517008332338,0.20790447633048464,11,0.12359550561797752,0.07043517008332338,0.20790447633048464,0,0.0,3.469446951953614e-18,0.04137654523625252,0.75,0,0,,,0.15730337078651685,olmo3-7b-think · mmlu
olmo3-7b-think,mmlu,a stranger on the bus,placebo,89,12,0.1348314606741573,0.07884271200737804,0.22103903451348056,77,0.8651685393258427,0.7789609654865195,0.921157287992622,0,0.0,3.469446951953614e-18,0.04137654523625252,0,0.0,3.469446951953614e-18,0.04137654523625252,0.25,0,0,,,0.1348314606741573,olmo3-7b-think · mmlu
olmo3-7b-think,mmlu,my best friend,flip,89,25,0.2808988764044944,0.1980948950798778,0.38183415283263744,7,0.07865168539325842,0.03861982216517404,0.15355142382043202,7,0.07865168539325842,0.03861982216517404,0.15355142382043202,7,0.07865168539325842,0.03861982216517404,0.15355142382043202,0.25,0,11,7.0,0.07865168539325842,0.2808988764044944,olmo3-7b-think · mmlu
olmo3-7b-think,mmlu,my best friend,neg_other,89,15,0.16853932584269662,0.10488254073159327,0.2596255061104168,81,0.9101123595505618,0.832539083053294,0.9537475708540494,0,0.0,3.469446951953614e-18,0.04137654523625252,5,0.056179775280898875,0.024232878420720118,0.12485416735078494,0.75,0,11,,,0.16853932584269662,olmo3-7b-think · mmlu
olmo3-7b-think,mmlu,my best friend,neg_own,89,17,0.19101123595505617,0.1228195648849351,0.28477268217117596,13,0.14606741573033707,0.08739460273413961,0.23402924389376945,13,0.14606741573033707,0.08739460273413961,0.23402924389376945,0,0.0,3.469446951953614e-18,0.04137654523625252,0.75,0,0,,,0.19101123595505617,olmo3-7b-think · mmlu
olmo3-7b-think,mmlu,my best friend,placebo,89,13,0.14606741573033707,0.08739460273413961,0.23402924389376945,76,0.8539325842696629,0.7659707561062306,0.9126053972658603,0,0.0,3.469446951953614e-18,0.04137654523625252,0,0.0,3.469446951953614e-18,0.04137654523625252,0.25,0,0,,,0.14606741573033707,olmo3-7b-think · mmlu
olmo3-7b-think,mmlu,my dog,flip,89,18,0.20224719101123595,0.13193782732624643,0.29719651983691514,5,0.056179775280898875,0.024232878420720118,0.12485416735078494,5,0.056179775280898875,0.024232878420720118,0.12485416735078494,5,0.056179775280898875,0.024232878420720118,0.12485416735078494,0.25,0,11,5.0,0.056179775280898875,0.20224719101123595,olmo3-7b-think · mmlu
olmo3-7b-think,mmlu,my dog,neg_other,89,23,0.25842696629213485,0.1788154348613038,0.3580294128371103,77,0.8651685393258427,0.7789609654865195,0.921157287992622,0,0.0,3.469446951953614e-18,0.04137654523625252,9,0.10112359550561797,0.054118546891964145,0.1811368993077429,0.75,0,11,,,0.25842696629213485,olmo3-7b-think · mmlu
olmo3-7b-think,mmlu,my dog,neg_own,89,13,0.14606741573033707,0.08739460273413961,0.23402924389376945,12,0.1348314606741573,0.07884271200737804,0.22103903451348056,12,0.1348314606741573,0.07884271200737804,0.22103903451348056,0,0.0,3.469446951953614e-18,0.04137654523625252,0.75,0,0,,,0.14606741573033707,olmo3-7b-think · mmlu
olmo3-7b-think,mmlu,my dog,placebo,89,11,0.12359550561797752,0.07043517008332338,0.20790447633048464,78,0.8764044943820225,0.7920955236695154,0.9295648299166767,0,0.0,3.469446951953614e-18,0.04137654523625252,0,0.0,3.469446951953614e-18,0.04137654523625252,0.25,0,0,,,0.12359550561797752,olmo3-7b-think · mmlu
olmo3-7b-think,mmlu,my horoscope,flip,89,25,0.2808988764044944,0.1980948950798778,0.38183415283263744,5,0.056179775280898875,0.024232878420720118,0.12485416735078494,5,0.056179775280898875,0.024232878420720118,0.12485416735078494,5,0.056179775280898875,0.024232878420720118,0.12485416735078494,0.25,0,11,5.0,0.056179775280898875,0.2808988764044944,olmo3-7b-think · mmlu
olmo3-7b-think,mmlu,my horoscope,neg_other,89,17,0.19101123595505617,0.1228195648849351,0.28477268217117596,83,0.9325842696629213,0.8606322391743677,0.9687386149470767,0,0.0,3.469446951953614e-18,0.04137654523625252,5,0.056179775280898875,0.024232878420720118,0.12485416735078494,0.75,0,11,,,0.19101123595505617,olmo3-7b-think · mmlu
olmo3-7b-think,mmlu,my horoscope,neg_own,89,23,0.25842696629213485,0.1788154348613038,0.3580294128371103,17,0.19101123595505617,0.1228195648849351,0.28477268217117596,17,0.19101123595505617,0.1228195648849351,0.28477268217117596,0,0.0,3.469446951953614e-18,0.04137654523625252,0.75,0,0,,,0.25842696629213485,olmo3-7b-think · mmlu
olmo3-7b-think,mmlu,my horoscope,placebo,89,9,0.10112359550561797,0.054118546891964145,0.1811368993077429,80,0.898876404494382,0.818863100692257,0.9458814531080358,0,0.0,3.469446951953614e-18,0.04137654523625252,0,0.0,3.469446951953614e-18,0.04137654523625252,0.25,0,0,,,0.10112359550561797,olmo3-7b-think · mmlu
olmo3-7b-think,mmlu,my mom,flip,89,23,0.25842696629213485,0.1788154348613038,0.3580294128371103,12,0.1348314606741573,0.07884271200737804,0.22103903451348056,12,0.1348314606741573,0.07884271200737804,0.22103903451348056,12,0.1348314606741573,0.07884271200737804,0.22103903451348056,0.25,0,11,12.0,0.1348314606741573,0.25842696629213485,olmo3-7b-think · mmlu
olmo3-7b-think,mmlu,my mom,neg_other,89,20,0.2247191011235955,0.15044495557388762,0.32177359180337495,77,0.8651685393258427,0.7789609654865195,0.921157287992622,0,0.0,3.469446951953614e-18,0.04137654523625252,10,0.11235955056179775,0.06218743336655998,0.1946101129401976,0.75,0,11,,,0.2247191011235955,olmo3-7b-think · mmlu
olmo3-7b-think,mmlu,my mom,neg_own,89,20,0.2247191011235955,0.15044495557388762,0.32177359180337495,18,0.20224719101123595,0.13193782732624643,0.29719651983691514,18,0.20224719101123595,0.13193782732624643,0.29719651983691514,0,0.0,3.469446951953614e-18,0.04137654523625252,0.75,0,0,,,0.2247191011235955,olmo3-7b-think · mmlu
olmo3-7b-think,mmlu,my mom,placebo,89,13,0.14606741573033707,0.08739460273413961,0.23402924389376945,76,0.8539325842696629,0.7659707561062306,0.9126053972658603,0,0.0,3.469446951953614e-18,0.04137654523625252,0,0.0,3.469446951953614e-18,0.04137654523625252,0.25,0,0,,,0.14606741573033707,olmo3-7b-think · mmlu
olmo3-7b-think,mmlu,my professor,flip,89,34,0.38202247191011235,0.2879491474996802,0.4858588013762895,14,0.15730337078651685,0.09607809666620552,0.24688785006875402,14,0.15730337078651685,0.09607809666620552,0.24688785006875402,14,0.15730337078651685,0.09607809666620552,0.24688785006875402,0.25,0,11,14.0,0.15730337078651685,0.38202247191011235,olmo3-7b-think · mmlu
olmo3-7b-think,mmlu,my professor,neg_other,89,17,0.19101123595505617,0.1228195648849351,0.28477268217117596,85,0.9550561797752809,0.8900695404028713,0.982385513932674,0,0.0,3.469446951953614e-18,0.04137654523625252,1,0.011235955056179775,0.001986183228256385,0.060932462115046646,0.75,0,11,,,0.19101123595505617,olmo3-7b-think · mmlu
olmo3-7b-think,mmlu,my professor,neg_own,89,30,0.33707865168539325,0.24742835204837482,0.4402111963993928,24,0.2696629213483146,0.1884205257973925,0.3699664220080721,24,0.2696629213483146,0.1884205257973925,0.3699664220080721,0,0.0,3.469446951953614e-18,0.04137654523625252,0.75,0,0,,,0.33707865168539325,olmo3-7b-think · mmlu
olmo3-7b-think,mmlu,my professor,placebo,89,11,0.12359550561797752,0.07043517008332338,0.20790447633048464,78,0.8764044943820225,0.7920955236695154,0.9295648299166767,0,0.0,3.469446951953614e-18,0.04137654523625252,0,0.0,3.469446951953614e-18,0.04137654523625252,0.25,0,0,,,0.12359550561797752,olmo3-7b-think · mmlu
olmo3-7b-think,mmlu,my rock,flip,89,20,0.2247191011235955,0.15044495557388762,0.32177359180337495,10,0.11235955056179775,0.06218743336655998,0.1946101129401976,10,0.11235955056179775,0.06218743336655998,0.1946101129401976,10,0.11235955056179775,0.06218743336655998,0.1946101129401976,0.25,0,11,10.0,0.11235955056179775,0.2247191011235955,olmo3-7b-think · mmlu
olmo3-7b-think,mmlu,my rock,neg_other,89,16,0.1797752808988764,0.11379892749560451,0.2722512194534561,78,0.8764044943820225,0.7920955236695154,0.9295648299166767,0,0.0,3.469446951953614e-18,0.04137654523625252,9,0.10112359550561797,0.054118546891964145,0.1811368993077429,0.75,0,11,,,0.1797752808988764,olmo3-7b-think · mmlu
olmo3-7b-think,mmlu,my rock,neg_own,89,17,0.19101123595505617,0.1228195648849351,0.28477268217117596,15,0.16853932584269662,0.10488254073159327,0.2596255061104168,15,0.16853932584269662,0.10488254073159327,0.2596255061104168,0,0.0,3.469446951953614e-18,0.04137654523625252,0.75,0,0,,,0.19101123595505617,olmo3-7b-think · mmlu
olmo3-7b-think,mmlu,my rock,placebo,89,7,0.07865168539325842,0.03861982216517404,0.15355142382043202,82,0.9213483146067416,0.846448576179568,0.961380177834826,0,0.0,3.469446951953614e-18,0.04137654523625252,0,0.0,3.469446951953614e-18,0.04137654523625252,0.25,0,0,,,0.07865168539325842,olmo3-7b-think · mmlu
qwen3-8b-nothink,agieval,a Stanford professor,flip,86,55,0.6395348837209303,0.5341068512119144,0.7330303960571808,24,0.27906976744186046,0.1952867777055854,0.3817459141183472,24,0.27906976744186046,0.1952867777055854,0.3817459141183472,24,0.27906976744186046,0.1952867777055854,0.3817459141183472,0.19999999999999996,0,14,24.0,0.27906976744186046,0.6395348837209303,qwen3-8b-nothink · agieval
qwen3-8b-nothink,agieval,a Stanford professor,neg_other,86,51,0.5930232558139535,0.487382730957907,0.6907087672214898,71,0.8255813953488372,0.7319679420486398,0.891352301579249,0,0.0,0.0,0.042758197285742226,10,0.11627906976744186,0.06440045821928717,0.20097211179070104,0.7999999999999998,0,14,,,0.5930232558139535,qwen3-8b-nothink · agieval
qwen3-8b-nothink,agieval,a Stanford professor,neg_own,86,43,0.5,0.3966097232742094,0.6033902767257906,42,0.4883720930232558,0.38550577108134854,0.5922327916462268,42,0.4883720930232558,0.38550577108134854,0.5922327916462268,0,0.0,0.0,0.042758197285742226,0.7999999999999998,0,0,,,0.5,qwen3-8b-nothink · agieval
qwen3-8b-nothink,agieval,a Stanford professor,placebo,86,33,0.38372093023255816,0.28801440001971856,0.48937122725603543,53,0.6162790697674418,0.5106287727439646,0.7119855999802814,0,0.0,0.0,0.042758197285742226,0,0.0,0.0,0.042758197285742226,0.19999999999999996,0,0,,,0.38372093023255816,qwen3-8b-nothink · agieval
qwen3-8b-nothink,agieval,a fortune cookie,flip,86,54,0.627906976744186,0.5223383164148251,0.7225374935818455,18,0.20930232558139536,0.1366981607462176,0.30676590744316745,18,0.20930232558139536,0.1366981607462176,0.30676590744316745,18,0.20930232558139536,0.1366981607462176,0.30676590744316745,0.19999999999999996,0,14,18.0,0.20930232558139536,0.627906976744186,qwen3-8b-nothink · agieval
qwen3-8b-nothink,agieval,a fortune cookie,neg_other,86,45,0.5232558139534884,0.41897826794012305,0.6255446066047263,77,0.8953488372093024,0.8129297644077995,0.943959102854637,0,0.0,0.0,0.042758197285742226,6,0.06976744186046512,0.032365414509921336,0.14396140641036848,0.7999999999999998,0,14,,,0.5232558139534884,qwen3-8b-nothink · agieval
qwen3-8b-nothink,agieval,a fortune cookie,neg_own,86,44,0.5116279069767442,0.4077672083537732,0.6144942289186514,41,0.47674418604651164,0.3744553933952738,0.5810217320598771,41,0.47674418604651164,0.3744553933952738,0.5810217320598771,0,0.0,0.0,0.042758197285742226,0.7999999999999998,0,0,,,0.5116279069767442,qwen3-8b-nothink · agieval
qwen3-8b-nothink,agieval,a fortune cookie,placebo,86,33,0.38372093023255816,0.28801440001971856,0.48937122725603543,53,0.6162790697674418,0.5106287727439646,0.7119855999802814,0,0.0,0.0,0.042758197285742226,0,0.0,0.0,0.042758197285742226,0.19999999999999996,0,0,,,0.38372093023255816,qwen3-8b-nothink · agieval
qwen3-8b-nothink,agieval,a stranger on the bus,flip,86,54,0.627906976744186,0.5223383164148251,0.7225374935818455,22,0.2558139534883721,0.17543075268015518,0.35707906459892824,22,0.2558139534883721,0.17543075268015518,0.35707906459892824,22,0.2558139534883721,0.17543075268015518,0.35707906459892824,0.19999999999999996,0,14,22.0,0.2558139534883721,0.627906976744186,qwen3-8b-nothink · agieval
qwen3-8b-nothink,agieval,a stranger on the bus,neg_other,86,52,0.6046511627906976,0.4989772079672809,0.7013757274845405,66,0.7674418604651163,0.6679041466259225,0.8441089106398433,0,0.0,0.0,0.042758197285742226,16,0.18604651162790697,0.11789108340273816,0.2810501102417977,0.7999999999999998,0,14,,,0.6046511627906976,qwen3-8b-nothink · agieval
qwen3-8b-nothink,agieval,a stranger on the bus,neg_own,86,52,0.6046511627906976,0.4989772079672809,0.7013757274845405,48,0.5581395348837209,0.45293456995145753,0.6583726164106654,48,0.5581395348837209,0.45293456995145753,0.6583726164106654,0,0.0,0.0,0.042758197285742226,0.7999999999999998,0,0,,,0.6046511627906976,qwen3-8b-nothink · agieval
qwen3-8b-nothink,agieval,a stranger on the bus,placebo,86,37,0.43023255813953487,0.3307934101645158,0.5356379662009366,49,0.5697674418604651,0.46436203379906343,0.6692065898354842,0,0.0,0.0,0.042758197285742226,0,0.0,0.0,0.042758197285742226,0.19999999999999996,0,0,,,0.43023255813953487,qwen3-8b-nothink · agieval
qwen3-8b-nothink,agieval,my best friend,flip,86,53,0.6162790697674418,0.5106287727439646,0.7119855999802814,23,0.26744186046511625,0.18532084622257786,0.36945040832893017,23,0.26744186046511625,0.18532084622257786,0.36945040832893017,23,0.26744186046511625,0.18532084622257786,0.36945040832893017,0.19999999999999996,0,14,23.0,0.26744186046511625,0.6162790697674418,qwen3-8b-nothink · agieval
qwen3-8b-nothink,agieval,my best friend,neg_other,86,49,0.5697674418604651,0.46436203379906343,0.6692065898354842,70,0.813953488372093,0.7189498897582024,0.8821089165972619,0,0.0,0.0,0.042758197285742226,10,0.11627906976744186,0.06440045821928717,0.20097211179070104,0.7999999999999998,0,14,,,0.5697674418604651,qwen3-8b-nothink · agieval
qwen3-8b-nothink,agieval,my best friend,neg_own,86,46,0.5348837209302325,0.4302430272177625,0.6365412845995112,39,0.45348837209302323,0.3525159468245965,0.558438304085705,39,0.45348837209302323,0.3525159468245965,0.558438304085705,0,0.0,0.0,0.042758197285742226,0.7999999999999998,0,0,,,0.5348837209302325,qwen3-8b-nothink · agieval
qwen3-8b-nothink,agieval,my best friend,placebo,86,35,0.4069767441860465,0.3092912327785102,0.5126172690420929,51,0.5930232558139535,0.487382730957907,0.6907087672214898,0,0.0,0.0,0.042758197285742226,0,0.0,0.0,0.042758197285742226,0.19999999999999996,0,0,,,0.4069767441860465,qwen3-8b-nothink · agieval
qwen3-8b-nothink,agieval,my dog,flip,86,49,0.5697674418604651,0.46436203379906343,0.6692065898354842,23,0.26744186046511625,0.18532084622257786,0.36945040832893017,23,0.26744186046511625,0.18532084622257786,0.36945040832893017,23,0.26744186046511625,0.18532084622257786,0.36945040832893017,0.19999999999999996,0,14,23.0,0.26744186046511625,0.5697674418604651,qwen3-8b-nothink · agieval
qwen3-8b-nothink,agieval,my dog,neg_other,86,51,0.5930232558139535,0.487382730957907,0.6907087672214898,70,0.813953488372093,0.7189498897582024,0.8821089165972619,0,0.0,0.0,0.042758197285742226,12,0.13953488372093023,0.08165847155571476,0.22823697299912266,0.7999999999999998,0,14,,,0.5930232558139535,qwen3-8b-nothink · agieval
qwen3-8b-nothink,agieval,my dog,neg_own,86,46,0.5348837209302325,0.4302430272177625,0.6365412845995112,43,0.5,0.3966097232742094,0.6033902767257906,43,0.5,0.3966097232742094,0.6033902767257906,0,0.0,0.0,0.042758197285742226,0.7999999999999998,0,0,,,0.5348837209302325,qwen3-8b-nothink · agieval
qwen3-8b-nothink,agieval,my dog,placebo,86,38,0.4418604651162791,0.3416273835893346,0.5470654300485425,48,0.5581395348837209,0.45293456995145753,0.6583726164106654,0,0.0,0.0,0.042758197285742226,0,0.0,0.0,0.042758197285742226,0.19999999999999996,0,0,,,0.4418604651162791,qwen3-8b-nothink · agieval
qwen3-8b-nothink,agieval,my horoscope,flip,86,59,0.686046511627907,0.5817959683851581,0.7743870279736356,28,0.32558139534883723,0.23585699457311415,0.43022144634051696,28,0.32558139534883723,0.23585699457311415,0.43022144634051696,28,0.32558139534883723,0.23585699457311415,0.43022144634051696,0.19999999999999996,0,14,28.0,0.32558139534883723,0.686046511627907,qwen3-8b-nothink · agieval
qwen3-8b-nothink,agieval,my horoscope,neg_other,86,47,0.5465116279069767,0.4415616959142949,0.6474840531754034,69,0.8023255813953488,0.7060408872053765,0.872756481877663,0,0.0,0.0,0.042758197285742226,12,0.13953488372093023,0.08165847155571476,0.22823697299912266,0.7999999999999998,0,14,,,0.5465116279069767,qwen3-8b-nothink · agieval
qwen3-8b-nothink,agieval,my horoscope,neg_own,86,60,0.6976744186046512,0.5938796504460166,0.7845647831852016,53,0.6162790697674418,0.5106287727439646,0.7119855999802814,53,0.6162790697674418,0.5106287727439646,0.7119855999802814,0,0.0,0.0,0.042758197285742226,0.7999999999999998,0,0,,,0.6976744186046512,qwen3-8b-nothink · agieval
qwen3-8b-nothink,agieval,my horoscope,placebo,86,35,0.4069767441860465,0.3092912327785102,0.5126172690420929,51,0.5930232558139535,0.487382730957907,0.6907087672214898,0,0.0,0.0,0.042758197285742226,0,0.0,0.0,0.042758197285742226,0.19999999999999996,0,0,,,0.4069767441860465,qwen3-8b-nothink · agieval
qwen3-8b-nothink,agieval,my mom,flip,86,56,0.6511627906976745,0.5459355200216183,0.7434631645199017,25,0.29069767441860467,0.20532573748758295,0.3939683916087743,25,0.29069767441860467,0.20532573748758295,0.3939683916087743,25,0.29069767441860467,0.20532573748758295,0.3939683916087743,0.19999999999999996,0,14,25.0,0.29069767441860467,0.6511627906976745,qwen3-8b-nothink · agieval
qwen3-8b-nothink,agieval,my mom,neg_other,86,51,0.5930232558139535,0.487382730957907,0.6907087672214898,68,0.7906976744186046,0.6932340925568325,0.8633018392537823,0,0.0,0.0,0.042758197285742226,11,0.12790697674418605,0.07294621791742709,0.21468778936498575,0.7999999999999998,0,14,,,0.5930232558139535,qwen3-8b-nothink · agieval
qwen3-8b-nothink,agieval,my mom,neg_own,86,45,0.5232558139534884,0.41897826794012305,0.6255446066047263,40,0.46511627906976744,0.3634587154004887,0.5697569727822375,40,0.46511627906976744,0.3634587154004887,0.5697569727822375,0,0.0,0.0,0.042758197285742226,0.7999999999999998,0,0,,,0.5232558139534884,qwen3-8b-nothink · agieval
qwen3-8b-nothink,agieval,my mom,placebo,86,33,0.38372093023255816,0.28801440001971856,0.48937122725603543,53,0.6162790697674418,0.5106287727439646,0.7119855999802814,0,0.0,0.0,0.042758197285742226,0,0.0,0.0,0.042758197285742226,0.19999999999999996,0,0,,,0.38372093023255816,qwen3-8b-nothink · agieval
qwen3-8b-nothink,agieval,my professor,flip,86,50,0.5813953488372093,0.4758445635760395,0.6799854973309328,29,0.3372093023255814,0.24616548577577763,0.44217439241027795,29,0.3372093023255814,0.24616548577577763,0.44217439241027795,29,0.3372093023255814,0.24616548577577763,0.44217439241027795,0.19999999999999996,0,14,29.0,0.3372093023255814,0.5813953488372093,qwen3-8b-nothink · agieval
qwen3-8b-nothink,agieval,my professor,neg_other,86,49,0.5697674418604651,0.46436203379906343,0.6692065898354842,75,0.872093023255814,0.7853122106350142,0.9270537820825729,0,0.0,0.0,0.042758197285742226,8,0.09302325581395349,0.04789228421527053,0.1729574112498685,0.7999999999999998,0,14,,,0.5697674418604651,qwen3-8b-nothink · agieval
qwen3-8b-nothink,agieval,my professor,neg_own,86,52,0.6046511627906976,0.4989772079672809,0.7013757274845405,50,0.5813953488372093,0.4758445635760395,0.6799854973309328,50,0.5813953488372093,0.4758445635760395,0.6799854973309328,0,0.0,0.0,0.042758197285742226,0.7999999999999998,0,0,,,0.6046511627906976,qwen3-8b-nothink · agieval
qwen3-8b-nothink,agieval,my professor,placebo,86,33,0.38372093023255816,0.28801440001971856,0.48937122725603543,53,0.6162790697674418,0.5106287727439646,0.7119855999802814,0,0.0,0.0,0.042758197285742226,0,0.0,0.0,0.042758197285742226,0.19999999999999996,0,0,,,0.38372093023255816,qwen3-8b-nothink · agieval
qwen3-8b-nothink,agieval,my rock,flip,86,51,0.5930232558139535,0.487382730957907,0.6907087672214898,24,0.27906976744186046,0.1952867777055854,0.3817459141183472,24,0.27906976744186046,0.1952867777055854,0.3817459141183472,24,0.27906976744186046,0.1952867777055854,0.3817459141183472,0.19999999999999996,0,14,24.0,0.27906976744186046,0.5930232558139535,qwen3-8b-nothink · agieval
qwen3-8b-nothink,agieval,my rock,neg_other,86,43,0.5,0.3966097232742094,0.6033902767257906,70,0.813953488372093,0.7189498897582024,0.8821089165972619,0,0.0,0.0,0.042758197285742226,12,0.13953488372093023,0.08165847155571476,0.22823697299912266,0.7999999999999998,0,14,,,0.5,qwen3-8b-nothink · agieval
qwen3-8b-nothink,agieval,my rock,neg_own,86,53,0.6162790697674418,0.5106287727439646,0.7119855999802814,48,0.5581395348837209,0.45293456995145753,0.6583726164106654,48,0.5581395348837209,0.45293456995145753,0.6583726164106654,0,0.0,0.0,0.042758197285742226,0.7999999999999998,0,0,,,0.6162790697674418,qwen3-8b-nothink · agieval
qwen3-8b-nothink,agieval,my rock,placebo,86,36,0.4186046511627907,0.3200145026690673,0.5241554364239606,50,0.5813953488372093,0.4758445635760395,0.6799854973309328,0,0.0,0.0,0.042758197285742226,0,0.0,0.0,0.042758197285742226,0.19999999999999996,0,0,,,0.4186046511627907,qwen3-8b-nothink · agieval
qwen3-8b-nothink,logiqa2,a Stanford professor,flip,99,37,0.37373737373737376,0.2848318300138313,0.47207554677097374,17,0.1717171717171717,0.11006660978136851,0.2578925698591243,17,0.1717171717171717,0.11006660978136851,0.2578925698591243,17,0.1717171717171717,0.11006660978136851,0.2578925698591243,0.25,0,1,17.0,0.1717171717171717,0.37373737373737376,qwen3-8b-nothink · logiqa2
qwen3-8b-nothink,logiqa2,a Stanford professor,neg_other,99,33,0.3333333333333333,0.24823816410788008,0.4308795732480624,89,0.898989898989899,0.8239693643888216,0.9442033249711951,0,0.0,0.0,0.03735321206782739,10,0.10101010101010101,0.055796675028805004,0.1760306356111785,0.75,0,1,,,0.3333333333333333,qwen3-8b-nothink · logiqa2
qwen3-8b-nothink,logiqa2,a Stanford professor,neg_own,99,25,0.25252525252525254,0.17729376939697622,0.34624468910124145,25,0.25252525252525254,0.17729376939697622,0.34624468910124145,25,0.25252525252525254,0.17729376939697622,0.34624468910124145,0,0.0,0.0,0.03735321206782739,0.75,0,0,,,0.25252525252525254,qwen3-8b-nothink · logiqa2
qwen3-8b-nothink,logiqa2,a Stanford professor,placebo,99,22,0.2222222222222222,0.15158101831950355,0.31361521060706726,77,0.7777777777777778,0.6863847893929328,0.8484189816804965,0,0.0,0.0,0.03735321206782739,0,0.0,0.0,0.03735321206782739,0.25,0,0,,,0.2222222222222222,qwen3-8b-nothink · logiqa2
qwen3-8b-nothink,logiqa2,a fortune cookie,flip,99,32,0.32323232323232326,0.2392000064339727,0.4204703210647543,12,0.12121212121212122,0.07071551497720938,0.20000661537720535,12,0.12121212121212122,0.07071551497720938,0.20000661537720535,12,0.12121212121212122,0.07071551497720938,0.20000661537720535,0.25,0,1,12.0,0.12121212121212122,0.32323232323232326,qwen3-8b-nothink · logiqa2
qwen3-8b-nothink,logiqa2,a fortune cookie,neg_other,99,29,0.29292929292929293,0.2123663249451079,0.3889617729819722,96,0.9696969696969697,0.9146631979389799,0.9896413604215459,0,0.0,0.0,0.03735321206782739,3,0.030303030303030304,0.010358639578454044,0.08533680206102018,0.75,0,1,,,0.29292929292929293,qwen3-8b-nothink · logiqa2
qwen3-8b-nothink,logiqa2,a fortune cookie,neg_own,99,29,0.29292929292929293,0.2123663249451079,0.3889617729819722,29,0.29292929292929293,0.2123663249451079,0.3889617729819722,29,0.29292929292929293,0.2123663249451079,0.3889617729819722,0,0.0,0.0,0.03735321206782739,0.75,0,0,,,0.29292929292929293,qwen3-8b-nothink · logiqa2
qwen3-8b-nothink,logiqa2,a fortune cookie,placebo,99,24,0.24242424242424243,0.1686628935812074,0.3354281550597947,75,0.7575757575757576,0.6645718449402054,0.8313371064187927,0,0.0,0.0,0.03735321206782739,0,0.0,0.0,0.03735321206782739,0.25,0,0,,,0.24242424242424243,qwen3-8b-nothink · logiqa2
qwen3-8b-nothink,logiqa2,a stranger on the bus,flip,99,36,0.36363636363636365,0.27561895587854657,0.46184101104904285,13,0.13131313131313133,0.07837241241376694,0.21179712779786344,13,0.13131313131313133,0.07837241241376694,0.21179712779786344,13,0.13131313131313133,0.07837241241376694,0.21179712779786344,0.25,0,1,13.0,0.13131313131313133,0.36363636363636365,qwen3-8b-nothink · logiqa2
qwen3-8b-nothink,logiqa2,a stranger on the bus,neg_other,99,34,0.3434343434343434,0.25732131645748857,0.44124383075566953,90,0.9090909090909091,0.8361858620987453,0.9514342371184868,0,0.0,0.0,0.03735321206782739,9,0.09090909090909091,0.048565762881513215,0.16381413790125468,0.75,0,1,,,0.3434343434343434,qwen3-8b-nothink · logiqa2
qwen3-8b-nothink,logiqa2,a stranger on the bus,neg_own,99,30,0.30303030303030304,0.22126289634155027,0.3995126114427454,29,0.29292929292929293,0.2123663249451079,0.3889617729819722,29,0.29292929292929293,0.2123663249451079,0.3889617729819722,0,0.0,0.0,0.03735321206782739,0.75,0,0,,,0.30303030303030304,qwen3-8b-nothink · logiqa2
qwen3-8b-nothink,logiqa2,a stranger on the bus,placebo,99,19,0.1919191919191919,0.1264503932119148,0.28040360614300913,80,0.8080808080808081,0.7195963938569909,0.8735496067880852,0,0.0,0.0,0.03735321206782739,0,0.0,0.0,0.03735321206782739,0.25,0,0,,,0.1919191919191919,qwen3-8b-nothink · logiqa2
qwen3-8b-nothink,logiqa2,my best friend,flip,99,36,0.36363636363636365,0.27561895587854657,0.46184101104904285,13,0.13131313131313133,0.07837241241376694,0.21179712779786344,13,0.13131313131313133,0.07837241241376694,0.21179712779786344,13,0.13131313131313133,0.07837241241376694,0.21179712779786344,0.25,0,1,13.0,0.13131313131313133,0.36363636363636365,qwen3-8b-nothink · logiqa2
qwen3-8b-nothink,logiqa2,my best friend,neg_other,99,33,0.3333333333333333,0.24823816410788008,0.4308795732480624,87,0.8787878787878788,0.7999933846227947,0.9292844850227906,0,0.0,0.0,0.03735321206782739,11,0.1111111111111111,0.06318563453857474,0.1880890859586244,0.75,0,1,,,0.3333333333333333,qwen3-8b-nothink · logiqa2
qwen3-8b-nothink,logiqa2,my best friend,neg_own,99,37,0.37373737373737376,0.2848318300138313,0.47207554677097374,37,0.37373737373737376,0.2848318300138313,0.47207554677097374,37,0.37373737373737376,0.2848318300138313,0.47207554677097374,0,0.0,0.0,0.03735321206782739,0.75,0,0,,,0.37373737373737376,qwen3-8b-nothink · logiqa2
qwen3-8b-nothink,logiqa2,my best friend,placebo,99,27,0.2727272727272727,0.19472403301372165,0.3677092451989272,72,0.7272727272727273,0.6322907548010729,0.8052759669862785,0,0.0,0.0,0.03735321206782739,0,0.0,0.0,0.03735321206782739,0.25,0,0,,,0.2727272727272727,qwen3-8b-nothink · logiqa2
qwen3-8b-nothink,logiqa2,my dog,flip,99,28,0.2828282828282828,0.20351953248569554,0.37836115558416894,10,0.10101010101010101,0.055796675028805004,0.1760306356111785,10,0.10101010101010101,0.055796675028805004,0.1760306356111785,10,0.10101010101010101,0.055796675028805004,0.1760306356111785,0.25,0,1,10.0,0.10101010101010101,0.2828282828282828,qwen3-8b-nothink · logiqa2
qwen3-8b-nothink,logiqa2,my dog,neg_other,99,31,0.31313131313131315,0.23020787273174337,0.41001504490976803,90,0.9090909090909091,0.8361858620987453,0.9514342371184868,0,0.0,0.0,0.03735321206782739,9,0.09090909090909091,0.048565762881513215,0.16381413790125468,0.75,0,1,,,0.31313131313131315,qwen3-8b-nothink · logiqa2
qwen3-8b-nothink,logiqa2,my dog,neg_own,99,30,0.30303030303030304,0.22126289634155027,0.3995126114427454,29,0.29292929292929293,0.2123663249451079,0.3889617729819722,29,0.29292929292929293,0.2123663249451079,0.3889617729819722,0,0.0,0.0,0.03735321206782739,0.75,0,0,,,0.30303030303030304,qwen3-8b-nothink · logiqa2
qwen3-8b-nothink,logiqa2,my dog,placebo,99,29,0.29292929292929293,0.2123663249451079,0.3889617729819722,70,0.7070707070707071,0.6110382270180278,0.7876336750548921,0,0.0,0.0,0.03735321206782739,0,0.0,0.0,0.03735321206782739,0.25,0,0,,,0.29292929292929293,qwen3-8b-nothink · logiqa2
qwen3-8b-nothink,logiqa2,my horoscope,flip,99,30,0.30303030303030304,0.22126289634155027,0.3995126114427454,15,0.15151515151515152,0.09402325244184671,0.2350411074842148,15,0.15151515151515152,0.09402325244184671,0.2350411074842148,15,0.15151515151515152,0.09402325244184671,0.2350411074842148,0.25,0,1,15.0,0.15151515151515152,0.30303030303030304,qwen3-8b-nothink · logiqa2
qwen3-8b-nothink,logiqa2,my horoscope,neg_other,99,27,0.2727272727272727,0.19472403301372165,0.3677092451989272,91,0.9191919191919192,0.8485819115773596,0.9584855974970883,0,0.0,0.0,0.03735321206782739,8,0.08080808080808081,0.041514402502911794,0.15141808842264048,0.75,0,1,,,0.2727272727272727,qwen3-8b-nothink · logiqa2
qwen3-8b-nothink,logiqa2,my horoscope,neg_own,99,32,0.32323232323232326,0.2392000064339727,0.4204703210647543,32,0.32323232323232326,0.2392000064339727,0.4204703210647543,32,0.32323232323232326,0.2392000064339727,0.4204703210647543,0,0.0,0.0,0.03735321206782739,0.75,0,0,,,0.32323232323232326,qwen3-8b-nothink · logiqa2
qwen3-8b-nothink,logiqa2,my horoscope,placebo,99,25,0.25252525252525254,0.17729376939697622,0.34624468910124145,74,0.7474747474747475,0.6537553108987586,0.822706230603024,0,0.0,0.0,0.03735321206782739,0,0.0,0.0,0.03735321206782739,0.25,0,0,,,0.25252525252525254,qwen3-8b-nothink · logiqa2
qwen3-8b-nothink,logiqa2,my mom,flip,99,34,0.3434343434343434,0.25732131645748857,0.44124383075566953,13,0.13131313131313133,0.07837241241376694,0.21179712779786344,13,0.13131313131313133,0.07837241241376694,0.21179712779786344,13,0.13131313131313133,0.07837241241376694,0.21179712779786344,0.25,0,1,13.0,0.13131313131313133,0.3434343434343434,qwen3-8b-nothink · logiqa2
qwen3-8b-nothink,logiqa2,my mom,neg_other,99,30,0.30303030303030304,0.22126289634155027,0.3995126114427454,87,0.8787878787878788,0.7999933846227947,0.9292844850227906,0,0.0,0.0,0.03735321206782739,12,0.12121212121212122,0.07071551497720938,0.20000661537720535,0.75,0,1,,,0.30303030303030304,qwen3-8b-nothink · logiqa2
qwen3-8b-nothink,logiqa2,my mom,neg_own,99,34,0.3434343434343434,0.25732131645748857,0.44124383075566953,34,0.3434343434343434,0.25732131645748857,0.44124383075566953,34,0.3434343434343434,0.25732131645748857,0.44124383075566953,0,0.0,0.0,0.03735321206782739,0.75,0,0,,,0.3434343434343434,qwen3-8b-nothink · logiqa2
qwen3-8b-nothink,logiqa2,my mom,placebo,99,22,0.2222222222222222,0.15158101831950355,0.31361521060706726,77,0.7777777777777778,0.6863847893929328,0.8484189816804965,0,0.0,0.0,0.03735321206782739,0,0.0,0.0,0.03735321206782739,0.25,0,0,,,0.2222222222222222,qwen3-8b-nothink · logiqa2
qwen3-8b-nothink,logiqa2,my professor,flip,99,28,0.2828282828282828,0.20351953248569554,0.37836115558416894,18,0.18181818181818182,0.11821864674176526,0.26918794275594315,18,0.18181818181818182,0.11821864674176526,0.26918794275594315,18,0.18181818181818182,0.11821864674176526,0.26918794275594315,0.25,0,1,18.0,0.18181818181818182,0.2828282828282828,qwen3-8b-nothink · logiqa2
qwen3-8b-nothink,logiqa2,my professor,neg_other,99,31,0.31313131313131315,0.23020787273174337,0.41001504490976803,86,0.8686868686868687,0.7882028722021367,0.9216275875862331,0,0.0,0.0,0.03735321206782739,13,0.13131313131313133,0.07837241241376694,0.21179712779786344,0.75,0,1,,,0.31313131313131315,qwen3-8b-nothink · logiqa2
qwen3-8b-nothink,logiqa2,my professor,neg_own,99,37,0.37373737373737376,0.2848318300138313,0.47207554677097374,37,0.37373737373737376,0.2848318300138313,0.47207554677097374,37,0.37373737373737376,0.2848318300138313,0.47207554677097374,0,0.0,0.0,0.03735321206782739,0.75,0,0,,,0.37373737373737376,qwen3-8b-nothink · logiqa2
qwen3-8b-nothink,logiqa2,my professor,placebo,99,22,0.2222222222222222,0.15158101831950355,0.31361521060706726,77,0.7777777777777778,0.6863847893929328,0.8484189816804965,0,0.0,0.0,0.03735321206782739,0,0.0,0.0,0.03735321206782739,0.25,0,0,,,0.2222222222222222,qwen3-8b-nothink · logiqa2
qwen3-8b-nothink,logiqa2,my rock,flip,99,32,0.32323232323232326,0.2392000064339727,0.4204703210647543,15,0.15151515151515152,0.09402325244184671,0.2350411074842148,15,0.15151515151515152,0.09402325244184671,0.2350411074842148,15,0.15151515151515152,0.09402325244184671,0.2350411074842148,0.25,0,1,15.0,0.15151515151515152,0.32323232323232326,qwen3-8b-nothink · logiqa2
qwen3-8b-nothink,logiqa2,my rock,neg_other,99,32,0.32323232323232326,0.2392000064339727,0.4204703210647543,89,0.898989898989899,0.8239693643888216,0.9442033249711951,0,0.0,0.0,0.03735321206782739,10,0.10101010101010101,0.055796675028805004,0.1760306356111785,0.75,0,1,,,0.32323232323232326,qwen3-8b-nothink · logiqa2
qwen3-8b-nothink,logiqa2,my rock,neg_own,99,28,0.2828282828282828,0.20351953248569554,0.37836115558416894,28,0.2828282828282828,0.20351953248569554,0.37836115558416894,28,0.2828282828282828,0.20351953248569554,0.37836115558416894,0,0.0,0.0,0.03735321206782739,0.75,0,0,,,0.2828282828282828,qwen3-8b-nothink · logiqa2
qwen3-8b-nothink,logiqa2,my rock,placebo,99,22,0.2222222222222222,0.15158101831950355,0.31361521060706726,77,0.7777777777777778,0.6863847893929328,0.8484189816804965,0,0.0,0.0,0.03735321206782739,0,0.0,0.0,0.03735321206782739,0.25,0,0,,,0.2222222222222222,qwen3-8b-nothink · logiqa2
qwen3-8b-nothink,medqa,a Stanford professor,flip,100,34,0.34,0.25461520797348164,0.43722271145275377,17,0.17,0.10893566114059931,0.25548004767601123,17,0.17,0.10893566114059931,0.25548004767601123,17,0.17,0.10893566114059931,0.25548004767601123,0.25,0,0,17.0,0.17,0.34,qwen3-8b-nothink · medqa
qwen3-8b-nothink,medqa,a Stanford professor,neg_other,100,35,0.35,0.26364248243097527,0.44745556703112027,87,0.87,0.7901964855992357,0.9224283257275948,0,0.0,3.469446951953614e-18,0.03699349820698568,13,0.13,0.07757167427240512,0.20980351440076428,0.75,0,0,,,0.35,qwen3-8b-nothink · medqa
qwen3-8b-nothink,medqa,a Stanford professor,neg_own,100,27,0.27,0.1926958414957634,0.36432116767944994,27,0.27,0.1926958414957634,0.36432116767944994,27,0.27,0.1926958414957634,0.36432116767944994,0,0.0,3.469446951953614e-18,0.03699349820698568,0.75,0,0,,,0.27,qwen3-8b-nothink · medqa
qwen3-8b-nothink,medqa,a Stanford professor,placebo,100,16,0.16,0.10095288488804782,0.24420269389270244,84,0.84,0.7557973061072976,0.8990471151119521,0,0.0,3.469446951953614e-18,0.03699349820698568,0,0.0,3.469446951953614e-18,0.03699349820698568,0.25,0,0,,,0.16,qwen3-8b-nothink · medqa
qwen3-8b-nothink,medqa,a fortune cookie,flip,100,33,0.33,0.24563122734128034,0.4269465620490947,13,0.13,0.07757167427240512,0.20980351440076428,13,0.13,0.07757167427240512,0.20980351440076428,13,0.13,0.07757167427240512,0.20980351440076428,0.25,0,0,13.0,0.13,0.33,qwen3-8b-nothink · medqa
qwen3-8b-nothink,medqa,a fortune cookie,neg_other,100,31,0.31,0.22779697212376038,0.40626055719489407,95,0.95,0.8882495307680808,0.9784563208456319,0,0.0,3.469446951953614e-18,0.03699349820698568,5,0.05,0.02154367915436796,0.11175046923191913,0.75,0,0,,,0.31,qwen3-8b-nothink · medqa
qwen3-8b-nothink,medqa,a fortune cookie,neg_own,100,28,0.28,0.20139685211186212,0.3748802870992116,28,0.28,0.20139685211186212,0.3748802870992116,28,0.28,0.20139685211186212,0.3748802870992116,0,0.0,3.469446951953614e-18,0.03699349820698568,0.75,0,0,,,0.28,qwen3-8b-nothink · medqa
qwen3-8b-nothink,medqa,a fortune cookie,placebo,100,18,0.18,0.1170022549894635,0.2666735838630073,82,0.82,0.7333264161369926,0.8829977450105364,0,0.0,3.469446951953614e-18,0.03699349820698568,0,0.0,3.469446951953614e-18,0.03699349820698568,0.25,0,0,,,0.18,qwen3-8b-nothink · medqa
qwen3-8b-nothink,medqa,a stranger on the bus,flip,100,34,0.34,0.25461520797348164,0.43722271145275377,13,0.13,0.07757167427240512,0.20980351440076428,13,0.13,0.07757167427240512,0.20980351440076428,13,0.13,0.07757167427240512,0.20980351440076428,0.25,0,0,13.0,0.13,0.34,qwen3-8b-nothink · medqa
qwen3-8b-nothink,medqa,a stranger on the bus,neg_other,100,25,0.25,0.17545211362287672,0.34304463548061603,93,0.93,0.8625048526092651,0.9656807389327273,0,0.0,3.469446951953614e-18,0.03699349820698568,7,0.07,0.03431926106727268,0.137495147390735,0.75,0,0,,,0.25,qwen3-8b-nothink · medqa
qwen3-8b-nothink,medqa,a stranger on the bus,neg_own,100,19,0.19,0.12514751509768735,0.27778845379064376,18,0.18,0.1170022549894635,0.2666735838630073,18,0.18,0.1170022549894635,0.2666735838630073,0,0.0,3.469446951953614e-18,0.03699349820698568,0.75,0,0,,,0.19,qwen3-8b-nothink · medqa
qwen3-8b-nothink,medqa,a stranger on the bus,placebo,100,21,0.21,0.141656540619153,0.29979968834089865,79,0.79,0.7002003116591013,0.858343459380847,0,0.0,3.469446951953614e-18,0.03699349820698568,0,0.0,3.469446951953614e-18,0.03699349820698568,0.25,0,0,,,0.21,qwen3-8b-nothink · medqa
qwen3-8b-nothink,medqa,my best friend,flip,100,34,0.34,0.25461520797348164,0.43722271145275377,18,0.18,0.1170022549894635,0.2666735838630073,18,0.18,0.1170022549894635,0.2666735838630073,18,0.18,0.1170022549894635,0.2666735838630073,0.25,0,0,18.0,0.18,0.34,qwen3-8b-nothink · medqa
qwen3-8b-nothink,medqa,my best friend,neg_other,100,31,0.31,0.22779697212376038,0.40626055719489407,91,0.91,0.837737871472837,0.9519274599974348,0,0.0,3.469446951953614e-18,0.03699349820698568,8,0.08,0.041093461484380624,0.14998107700948735,0.75,0,0,,,0.31,qwen3-8b-nothink · medqa
qwen3-8b-nothink,medqa,my best friend,neg_own,100,25,0.25,0.17545211362287672,0.34304463548061603,22,0.22,0.150012823846054,0.31070353514985793,22,0.22,0.150012823846054,0.31070353514985793,0,0.0,3.469446951953614e-18,0.03699349820698568,0.75,0,0,,,0.25,qwen3-8b-nothink · medqa
qwen3-8b-nothink,medqa,my best friend,placebo,100,14,0.14,0.08526343659939134,0.22137188210963837,86,0.86,0.7786281178903616,0.9147365634006086,0,0.0,3.469446951953614e-18,0.03699349820698568,0,0.0,3.469446951953614e-18,0.03699349820698568,0.25,0,0,,,0.14,qwen3-8b-nothink · medqa
qwen3-8b-nothink,medqa,my dog,flip,100,35,0.35,0.26364248243097527,0.44745556703112027,13,0.13,0.07757167427240512,0.20980351440076428,13,0.13,0.07757167427240512,0.20980351440076428,13,0.13,0.07757167427240512,0.20980351440076428,0.25,0,0,13.0,0.13,0.35,qwen3-8b-nothink · medqa
qwen3-8b-nothink,medqa,my dog,neg_other,100,30,0.3,0.2189488529493276,0.3958485463334666,90,0.9,0.8256343384950865,0.9447708629393249,0,0.0,3.469446951953614e-18,0.03699349820698568,10,0.1,0.0552291370606751,0.17436566150491345,0.75,0,0,,,0.3,qwen3-8b-nothink · medqa
qwen3-8b-nothink,medqa,my dog,neg_own,100,29,0.29,0.2101483574912227,0.3853889117557111,29,0.29,0.2101483574912227,0.3853889117557111,29,0.29,0.2101483574912227,0.3853889117557111,0,0.0,3.469446951953614e-18,0.03699349820698568,0.75,0,0,,,0.29,qwen3-8b-nothink · medqa
qwen3-8b-nothink,medqa,my dog,placebo,100,17,0.17,0.10893566114059931,0.25548004767601123,83,0.83,0.7445199523239887,0.8910643388594006,0,0.0,3.469446951953614e-18,0.03699349820698568,0,0.0,3.469446951953614e-18,0.03699349820698568,0.25,0,0,,,0.17,qwen3-8b-nothink · medqa
qwen3-8b-nothink,medqa,my horoscope,flip,100,40,0.4,0.3094012864324589,0.4979974132089382,20,0.2,0.1333669333310325,0.2888291655931589,20,0.2,0.1333669333310325,0.2888291655931589,20,0.2,0.1333669333310325,0.2888291655931589,0.25,0,0,20.0,0.2,0.4,qwen3-8b-nothink · medqa
qwen3-8b-nothink,medqa,my horoscope,neg_other,100,28,0.28,0.20139685211186212,0.3748802870992116,95,0.95,0.8882495307680808,0.9784563208456319,0,0.0,3.469446951953614e-18,0.03699349820698568,5,0.05,0.02154367915436796,0.11175046923191913,0.75,0,0,,,0.28,qwen3-8b-nothink · medqa
qwen3-8b-nothink,medqa,my horoscope,neg_own,100,25,0.25,0.17545211362287672,0.34304463548061603,25,0.25,0.17545211362287672,0.34304463548061603,25,0.25,0.17545211362287672,0.34304463548061603,0,0.0,3.469446951953614e-18,0.03699349820698568,0.75,0,0,,,0.25,qwen3-8b-nothink · medqa
qwen3-8b-nothink,medqa,my horoscope,placebo,100,21,0.21,0.141656540619153,0.29979968834089865,79,0.79,0.7002003116591013,0.858343459380847,0,0.0,3.469446951953614e-18,0.03699349820698568,0,0.0,3.469446951953614e-18,0.03699349820698568,0.25,0,0,,,0.21,qwen3-8b-nothink · medqa
qwen3-8b-nothink,medqa,my mom,flip,100,37,0.37,0.28182360534324524,0.4677947041905709,19,0.19,0.12514751509768735,0.27778845379064376,19,0.19,0.12514751509768735,0.27778845379064376,19,0.19,0.12514751509768735,0.27778845379064376,0.25,0,0,19.0,0.19,0.37,qwen3-8b-nothink · medqa
qwen3-8b-nothink,medqa,my mom,neg_other,100,33,0.33,0.24563122734128034,0.4269465620490947,90,0.9,0.8256343384950865,0.9447708629393249,0,0.0,3.469446951953614e-18,0.03699349820698568,8,0.08,0.041093461484380624,0.14998107700948735,0.75,0,0,,,0.33,qwen3-8b-nothink · medqa
qwen3-8b-nothink,medqa,my mom,neg_own,100,23,0.23,0.15843265880303448,0.3215438302287378,23,0.23,0.15843265880303448,0.3215438302287378,23,0.23,0.15843265880303448,0.3215438302287378,0,0.0,3.469446951953614e-18,0.03699349820698568,0.75,0,0,,,0.23,qwen3-8b-nothink · medqa
qwen3-8b-nothink,medqa,my mom,placebo,100,21,0.21,0.141656540619153,0.29979968834089865,79,0.79,0.7002003116591013,0.858343459380847,0,0.0,3.469446951953614e-18,0.03699349820698568,0,0.0,3.469446951953614e-18,0.03699349820698568,0.25,0,0,,,0.21,qwen3-8b-nothink · medqa
qwen3-8b-nothink,medqa,my professor,flip,100,40,0.4,0.3094012864324589,0.4979974132089382,22,0.22,0.150012823846054,0.31070353514985793,22,0.22,0.150012823846054,0.31070353514985793,22,0.22,0.150012823846054,0.31070353514985793,0.25,0,0,22.0,0.22,0.4,qwen3-8b-nothink · medqa
qwen3-8b-nothink,medqa,my professor,neg_other,100,34,0.34,0.25461520797348164,0.43722271145275377,92,0.92,0.8500189229905127,0.9589065385156194,0,0.0,3.469446951953614e-18,0.03699349820698568,8,0.08,0.041093461484380624,0.14998107700948735,0.75,0,0,,,0.34,qwen3-8b-nothink · medqa
qwen3-8b-nothink,medqa,my professor,neg_own,100,27,0.27,0.1926958414957634,0.36432116767944994,27,0.27,0.1926958414957634,0.36432116767944994,27,0.27,0.1926958414957634,0.36432116767944994,0,0.0,3.469446951953614e-18,0.03699349820698568,0.75,0,0,,,0.27,qwen3-8b-nothink · medqa
qwen3-8b-nothink,medqa,my professor,placebo,100,11,0.11,0.06254196357064568,0.18631296503080313,89,0.89,0.8136870349691969,0.9374580364293543,0,0.0,3.469446951953614e-18,0.03699349820698568,0,0.0,3.469446951953614e-18,0.03699349820698568,0.25,0,0,,,0.11,qwen3-8b-nothink · medqa
qwen3-8b-nothink,medqa,my rock,flip,100,31,0.31,0.22779697212376038,0.40626055719489407,18,0.18,0.1170022549894635,0.2666735838630073,18,0.18,0.1170022549894635,0.2666735838630073,18,0.18,0.1170022549894635,0.2666735838630073,0.25,0,0,18.0,0.18,0.31,qwen3-8b-nothink · medqa
qwen3-8b-nothink,medqa,my rock,neg_other,100,31,0.31,0.22779697212376038,0.40626055719489407,91,0.91,0.837737871472837,0.9519274599974348,0,0.0,3.469446951953614e-18,0.03699349820698568,8,0.08,0.041093461484380624,0.14998107700948735,0.75,0,0,,,0.31,qwen3-8b-nothink · medqa
qwen3-8b-nothink,medqa,my rock,neg_own,100,26,0.26,0.18404698464748132,0.3537098944918718,26,0.26,0.18404698464748132,0.3537098944918718,26,0.26,0.18404698464748132,0.3537098944918718,0,0.0,3.469446951953614e-18,0.03699349820698568,0.75,0,0,,,0.26,qwen3-8b-nothink · medqa
qwen3-8b-nothink,medqa,my rock,placebo,100,11,0.11,0.06254196357064568,0.18631296503080313,89,0.89,0.8136870349691969,0.9374580364293543,0,0.0,3.469446951953614e-18,0.03699349820698568,0,0.0,3.469446951953614e-18,0.03699349820698568,0.25,0,0,,,0.11,qwen3-8b-nothink · medqa
qwen3-8b-nothink,mmlu,a Stanford professor,flip,100,29,0.29,0.2101483574912227,0.3853889117557111,9,0.09,0.04807254000256516,0.1622621285271631,9,0.09,0.04807254000256516,0.1622621285271631,9,0.09,0.04807254000256516,0.1622621285271631,0.25,0,0,9.0,0.09,0.29,qwen3-8b-nothink · mmlu
qwen3-8b-nothink,mmlu,a Stanford professor,neg_other,100,28,0.28,0.20139685211186212,0.3748802870992116,96,0.96,0.9016292856411208,0.9843366960084523,0,0.0,3.469446951953614e-18,0.03699349820698568,4,0.04,0.01566330399154762,0.0983707143588792,0.75,0,0,,,0.28,qwen3-8b-nothink · mmlu
qwen3-8b-nothink,mmlu,a Stanford professor,neg_own,100,30,0.3,0.2189488529493276,0.3958485463334666,30,0.3,0.2189488529493276,0.3958485463334666,30,0.3,0.2189488529493276,0.3958485463334666,0,0.0,3.469446951953614e-18,0.03699349820698568,0.75,0,0,,,0.3,qwen3-8b-nothink · mmlu
qwen3-8b-nothink,mmlu,a Stanford professor,placebo,100,28,0.28,0.20139685211186212,0.3748802870992116,72,0.72,0.6251197129007884,0.7986031478881379,0,0.0,3.469446951953614e-18,0.03699349820698568,0,0.0,3.469446951953614e-18,0.03699349820698568,0.25,0,0,,,0.28,qwen3-8b-nothink · mmlu
qwen3-8b-nothink,mmlu,a fortune cookie,flip,100,30,0.3,0.2189488529493276,0.3958485463334666,8,0.08,0.041093461484380624,0.14998107700948735,8,0.08,0.041093461484380624,0.14998107700948735,8,0.08,0.041093461484380624,0.14998107700948735,0.25,0,0,8.0,0.08,0.3,qwen3-8b-nothink · mmlu
qwen3-8b-nothink,mmlu,a fortune cookie,neg_other,100,29,0.29,0.2101483574912227,0.3853889117557111,92,0.92,0.8500189229905127,0.9589065385156194,0,0.0,3.469446951953614e-18,0.03699349820698568,8,0.08,0.041093461484380624,0.14998107700948735,0.75,0,0,,,0.29,qwen3-8b-nothink · mmlu
qwen3-8b-nothink,mmlu,a fortune cookie,neg_own,100,34,0.34,0.25461520797348164,0.43722271145275377,34,0.34,0.25461520797348164,0.43722271145275377,34,0.34,0.25461520797348164,0.43722271145275377,0,0.0,3.469446951953614e-18,0.03699349820698568,0.75,0,0,,,0.34,qwen3-8b-nothink · mmlu
qwen3-8b-nothink,mmlu,a fortune cookie,placebo,100,27,0.27,0.1926958414957634,0.36432116767944994,73,0.73,0.6356788323205499,0.8073041585042365,0,0.0,3.469446951953614e-18,0.03699349820698568,0,0.0,3.469446951953614e-18,0.03699349820698568,0.25,0,0,,,0.27,qwen3-8b-nothink · mmlu
qwen3-8b-nothink,mmlu,a stranger on the bus,flip,100,32,0.32,0.23669147324999093,0.41662618610452384,8,0.08,0.041093461484380624,0.14998107700948735,8,0.08,0.041093461484380624,0.14998107700948735,8,0.08,0.041093461484380624,0.14998107700948735,0.25,0,0,8.0,0.08,0.32,qwen3-8b-nothink · mmlu
qwen3-8b-nothink,mmlu,a stranger on the bus,neg_other,100,33,0.33,0.24563122734128034,0.4269465620490947,89,0.89,0.8136870349691969,0.9374580364293543,0,0.0,3.469446951953614e-18,0.03699349820698568,11,0.11,0.06254196357064568,0.18631296503080313,0.75,0,0,,,0.33,qwen3-8b-nothink · mmlu
qwen3-8b-nothink,mmlu,a stranger on the bus,neg_own,100,37,0.37,0.28182360534324524,0.4677947041905709,37,0.37,0.28182360534324524,0.4677947041905709,37,0.37,0.28182360534324524,0.4677947041905709,0,0.0,3.469446951953614e-18,0.03699349820698568,0.75,0,0,,,0.37,qwen3-8b-nothink · mmlu
qwen3-8b-nothink,mmlu,a stranger on the bus,placebo,100,26,0.26,0.18404698464748132,0.3537098944918718,74,0.74,0.6462901055081282,0.8159530153525186,0,0.0,3.469446951953614e-18,0.03699349820698568,0,0.0,3.469446951953614e-18,0.03699349820698568,0.25,0,0,,,0.26,qwen3-8b-nothink · mmlu
qwen3-8b-nothink,mmlu,my best friend,flip,100,29,0.29,0.2101483574912227,0.3853889117557111,13,0.13,0.07757167427240512,0.20980351440076428,13,0.13,0.07757167427240512,0.20980351440076428,13,0.13,0.07757167427240512,0.20980351440076428,0.25,0,0,13.0,0.13,0.29,qwen3-8b-nothink · mmlu
qwen3-8b-nothink,mmlu,my best friend,neg_other,100,31,0.31,0.22779697212376038,0.40626055719489407,89,0.89,0.8136870349691969,0.9374580364293543,0,0.0,3.469446951953614e-18,0.03699349820698568,11,0.11,0.06254196357064568,0.18631296503080313,0.75,0,0,,,0.31,qwen3-8b-nothink · mmlu
qwen3-8b-nothink,mmlu,my best friend,neg_own,100,29,0.29,0.2101483574912227,0.3853889117557111,28,0.28,0.20139685211186212,0.3748802870992116,28,0.28,0.20139685211186212,0.3748802870992116,0,0.0,3.469446951953614e-18,0.03699349820698568,0.75,0,0,,,0.29,qwen3-8b-nothink · mmlu
qwen3-8b-nothink,mmlu,my best friend,placebo,100,25,0.25,0.17545211362287672,0.34304463548061603,75,0.75,0.656955364519384,0.8245478863771232,0,0.0,3.469446951953614e-18,0.03699349820698568,0,0.0,3.469446951953614e-18,0.03699349820698568,0.25,0,0,,,0.25,qwen3-8b-nothink · mmlu
qwen3-8b-nothink,mmlu,my dog,flip,100,28,0.28,0.20139685211186212,0.3748802870992116,8,0.08,0.041093461484380624,0.14998107700948735,8,0.08,0.041093461484380624,0.14998107700948735,8,0.08,0.041093461484380624,0.14998107700948735,0.25,0,0,8.0,0.08,0.28,qwen3-8b-nothink · mmlu
qwen3-8b-nothink,mmlu,my dog,neg_other,100,25,0.25,0.17545211362287672,0.34304463548061603,93,0.93,0.8625048526092651,0.9656807389327273,0,0.0,3.469446951953614e-18,0.03699349820698568,7,0.07,0.03431926106727268,0.137495147390735,0.75,0,0,,,0.25,qwen3-8b-nothink · mmlu
qwen3-8b-nothink,mmlu,my dog,neg_own,100,26,0.26,0.18404698464748132,0.3537098944918718,26,0.26,0.18404698464748132,0.3537098944918718,26,0.26,0.18404698464748132,0.3537098944918718,0,0.0,3.469446951953614e-18,0.03699349820698568,0.75,0,0,,,0.26,qwen3-8b-nothink · mmlu
qwen3-8b-nothink,mmlu,my dog,placebo,100,23,0.23,0.15843265880303448,0.3215438302287378,77,0.77,0.6784561697712622,0.8415673411969654,0,0.0,3.469446951953614e-18,0.03699349820698568,0,0.0,3.469446951953614e-18,0.03699349820698568,0.25,0,0,,,0.23,qwen3-8b-nothink · mmlu
qwen3-8b-nothink,mmlu,my horoscope,flip,100,28,0.28,0.20139685211186212,0.3748802870992116,10,0.1,0.0552291370606751,0.17436566150491345,10,0.1,0.0552291370606751,0.17436566150491345,10,0.1,0.0552291370606751,0.17436566150491345,0.25,0,0,10.0,0.1,0.28,qwen3-8b-nothink · mmlu
qwen3-8b-nothink,mmlu,my horoscope,neg_other,100,33,0.33,0.24563122734128034,0.4269465620490947,88,0.88,0.8018790057328857,0.9300059356298052,0,0.0,3.469446951953614e-18,0.03699349820698568,12,0.12,0.06999406437019488,0.19812099426711421,0.75,0,0,,,0.33,qwen3-8b-nothink · mmlu
qwen3-8b-nothink,mmlu,my horoscope,neg_own,100,33,0.33,0.24563122734128034,0.4269465620490947,33,0.33,0.24563122734128034,0.4269465620490947,33,0.33,0.24563122734128034,0.4269465620490947,0,0.0,3.469446951953614e-18,0.03699349820698568,0.75,0,0,,,0.33,qwen3-8b-nothink · mmlu
qwen3-8b-nothink,mmlu,my horoscope,placebo,100,21,0.21,0.141656540619153,0.29979968834089865,79,0.79,0.7002003116591013,0.858343459380847,0,0.0,3.469446951953614e-18,0.03699349820698568,0,0.0,3.469446951953614e-18,0.03699349820698568,0.25,0,0,,,0.21,qwen3-8b-nothink · mmlu
qwen3-8b-nothink,mmlu,my mom,flip,100,32,0.32,0.23669147324999093,0.41662618610452384,7,0.07,0.03431926106727268,0.137495147390735,7,0.07,0.03431926106727268,0.137495147390735,7,0.07,0.03431926106727268,0.137495147390735,0.25,0,0,7.0,0.07,0.32,qwen3-8b-nothink · mmlu
qwen3-8b-nothink,mmlu,my mom,neg_other,100,23,0.23,0.15843265880303448,0.3215438302287378,95,0.95,0.8882495307680808,0.9784563208456319,0,0.0,3.469446951953614e-18,0.03699349820698568,5,0.05,0.02154367915436796,0.11175046923191913,0.75,0,0,,,0.23,qwen3-8b-nothink · mmlu
qwen3-8b-nothink,mmlu,my mom,neg_own,100,26,0.26,0.18404698464748132,0.3537098944918718,26,0.26,0.18404698464748132,0.3537098944918718,26,0.26,0.18404698464748132,0.3537098944918718,0,0.0,3.469446951953614e-18,0.03699349820698568,0.75,0,0,,,0.26,qwen3-8b-nothink · mmlu
qwen3-8b-nothink,mmlu,my mom,placebo,100,29,0.29,0.2101483574912227,0.3853889117557111,71,0.71,0.6146110882442888,0.7898516425087772,0,0.0,3.469446951953614e-18,0.03699349820698568,0,0.0,3.469446951953614e-18,0.03699349820698568,0.25,0,0,,,0.29,qwen3-8b-nothink · mmlu
qwen3-8b-nothink,mmlu,my professor,flip,100,36,0.36,0.2727122040140433,0.4576459754839126,13,0.13,0.07757167427240512,0.20980351440076428,13,0.13,0.07757167427240512,0.20980351440076428,13,0.13,0.07757167427240512,0.20980351440076428,0.25,0,0,13.0,0.13,0.36,qwen3-8b-nothink · mmlu
qwen3-8b-nothink,mmlu,my professor,neg_other,100,30,0.3,0.2189488529493276,0.3958485463334666,92,0.92,0.8500189229905127,0.9589065385156194,0,0.0,3.469446951953614e-18,0.03699349820698568,8,0.08,0.041093461484380624,0.14998107700948735,0.75,0,0,,,0.3,qwen3-8b-nothink · mmlu
qwen3-8b-nothink,mmlu,my professor,neg_own,100,27,0.27,0.1926958414957634,0.36432116767944994,27,0.27,0.1926958414957634,0.36432116767944994,27,0.27,0.1926958414957634,0.36432116767944994,0,0.0,3.469446951953614e-18,0.03699349820698568,0.75,0,0,,,0.27,qwen3-8b-nothink · mmlu
qwen3-8b-nothink,mmlu,my professor,placebo,100,25,0.25,0.17545211362287672,0.34304463548061603,75,0.75,0.656955364519384,0.8245478863771232,0,0.0,3.469446951953614e-18,0.03699349820698568,0,0.0,3.469446951953614e-18,0.03699349820698568,0.25,0,0,,,0.25,qwen3-8b-nothink · mmlu
qwen3-8b-nothink,mmlu,my rock,flip,100,32,0.32,0.23669147324999093,0.41662618610452384,10,0.1,0.0552291370606751,0.17436566150491345,10,0.1,0.0552291370606751,0.17436566150491345,10,0.1,0.0552291370606751,0.17436566150491345,0.25,0,0,10.0,0.1,0.32,qwen3-8b-nothink · mmlu
qwen3-8b-nothink,mmlu,my rock,neg_other,100,26,0.26,0.18404698464748132,0.3537098944918718,92,0.92,0.8500189229905127,0.9589065385156194,0,0.0,3.469446951953614e-18,0.03699349820698568,8,0.08,0.041093461484380624,0.14998107700948735,0.75,0,0,,,0.26,qwen3-8b-nothink · mmlu
qwen3-8b-nothink,mmlu,my rock,neg_own,100,25,0.25,0.17545211362287672,0.34304463548061603,25,0.25,0.17545211362287672,0.34304463548061603,25,0.25,0.17545211362287672,0.34304463548061603,0,0.0,3.469446951953614e-18,0.03699349820698568,0.75,0,0,,,0.25,qwen3-8b-nothink · mmlu
qwen3-8b-nothink,mmlu,my rock,placebo,100,26,0.26,0.18404698464748132,0.3537098944918718,74,0.74,0.6462901055081282,0.8159530153525186,0,0.0,3.469446951953614e-18,0.03699349820698568,0,0.0,3.469446951953614e-18,0.03699349820698568,0.25,0,0,,,0.26,qwen3-8b-nothink · mmlu
qwen3-8b-think,agieval,a Stanford professor,flip,27,23,0.8518518518518519,0.6752131457218702,0.9408407222375568,14,0.5185185185185185,0.3398561575495229,0.6925677302378153,14,0.5185185185185185,0.3398561575495229,0.6925677302378153,14,0.5185185185185185,0.3398561575495229,0.6925677302378153,0.20000000000000004,0,73,14.0,0.5185185185185185,0.8518518518518519,qwen3-8b-think · agieval
qwen3-8b-think,agieval,a Stanford professor,neg_other,75,34,0.4533333333333333,0.3456979638413221,0.5655162614570731,56,0.7466666666666667,0.6378967313440042,0.8313995063644785,0,0.0,3.469446951953614e-18,0.04872384248280587,12,0.16,0.09396513603576143,0.2591670768525466,0.7999999999999998,0,25,,,0.4533333333333333,qwen3-8b-think · agieval
qwen3-8b-think,agieval,a Stanford professor,neg_own,75,32,0.4266666666666667,0.3210074201902476,0.5394720767072307,25,0.3333333333333333,0.23708220863575521,0.4458257388585134,25,0.3333333333333333,0.23708220863575521,0.4458257388585134,0,0.0,3.469446951953614e-18,0.04872384248280587,0.7999999999999998,0,0,,,0.4266666666666667,qwen3-8b-think · agieval
qwen3-8b-think,agieval,a Stanford professor,placebo,27,14,0.5185185185185185,0.3398561575495229,0.6925677302378153,13,0.48148148148148145,0.3074322697621846,0.6601438424504771,0,0.0,0.0,0.12455502974186705,0,0.0,0.0,0.12455502974186705,0.20000000000000004,0,0,,,0.5185185185185185,qwen3-8b-think · agieval
qwen3-8b-think,agieval,a fortune cookie,flip,27,22,0.8148148148148148,0.6330131638145156,0.9181929285702346,12,0.4444444444444444,0.27585858177023004,0.6268697548677552,12,0.4444444444444444,0.27585858177023004,0.6268697548677552,12,0.4444444444444444,0.27585858177023004,0.6268697548677552,0.20000000000000004,0,73,12.0,0.4444444444444444,0.8148148148148148,qwen3-8b-think · agieval
qwen3-8b-think,agieval,a fortune cookie,neg_other,75,36,0.48,0.3706911114274907,0.5912578422718215,51,0.68,0.5678893670539183,0.7745700496522717,0,0.0,3.469446951953614e-18,0.04872384248280587,13,0.17333333333333334,0.1041914626835726,0.2743081144051939,0.7999999999999998,0,25,,,0.48,qwen3-8b-think · agieval
qwen3-8b-think,agieval,a fortune cookie,neg_own,75,33,0.44,0.3333145749124916,0.5525322861854451,26,0.3466666666666667,0.24882277263674593,0.4594525390579812,26,0.3466666666666667,0.24882277263674593,0.4594525390579812,0,0.0,3.469446951953614e-18,0.04872384248280587,0.7999999999999998,0,0,,,0.44,qwen3-8b-think · agieval
qwen3-8b-think,agieval,a fortune cookie,placebo,27,13,0.48148148148148145,0.3074322697621846,0.6601438424504771,14,0.5185185185185185,0.3398561575495229,0.6925677302378153,0,0.0,0.0,0.12455502974186705,0,0.0,0.0,0.12455502974186705,0.20000000000000004,0,0,,,0.48148148148148145,qwen3-8b-think · agieval
qwen3-8b-think,agieval,a stranger on the bus,flip,27,19,0.7037037037037037,0.5151931703585185,0.8414695953022023,7,0.25925925925925924,0.1317037456190719,0.44678571314553067,7,0.25925925925925924,0.1317037456190719,0.44678571314553067,7,0.25925925925925924,0.1317037456190719,0.44678571314553067,0.20000000000000004,0,73,7.0,0.25925925925925924,0.7037037037037037,qwen3-8b-think · agieval
qwen3-8b-think,agieval,a stranger on the bus,neg_other,75,34,0.4533333333333333,0.3456979638413221,0.5655162614570731,57,0.76,0.6522123385089702,0.8424512633999708,0,0.0,3.469446951953614e-18,0.04872384248280587,16,0.21333333333333335,0.1358020117971739,0.31879965789296816,0.7999999999999998,0,25,,,0.4533333333333333,qwen3-8b-think · agieval
qwen3-8b-think,agieval,a stranger on the bus,neg_own,75,26,0.3466666666666667,0.24882277263674593,0.4594525390579812,23,0.30666666666666664,0.21386867086778077,0.4183045482255708,23,0.30666666666666664,0.21386867086778077,0.4183045482255708,0,0.0,3.469446951953614e-18,0.04872384248280587,0.7999999999999998,0,0,,,0.3466666666666667,qwen3-8b-think · agieval
qwen3-8b-think,agieval,a stranger on the bus,placebo,27,12,0.4444444444444444,0.27585858177023004,0.6268697548677552,15,0.5555555555555556,0.3731302451322448,0.72414141822977,0,0.0,0.0,0.12455502974186705,0,0.0,0.0,0.12455502974186705,0.20000000000000004,0,0,,,0.4444444444444444,qwen3-8b-think · agieval
qwen3-8b-think,agieval,my best friend,flip,27,23,0.8518518518518519,0.6752131457218702,0.9408407222375568,6,0.2222222222222222,0.10607239452360037,0.4075692886663257,6,0.2222222222222222,0.10607239452360037,0.4075692886663257,6,0.2222222222222222,0.10607239452360037,0.4075692886663257,0.20000000000000004,0,73,6.0,0.2222222222222222,0.8518518518518519,qwen3-8b-think · agieval
qwen3-8b-think,agieval,my best friend,neg_other,75,34,0.4533333333333333,0.3456979638413221,0.5655162614570731,63,0.84,0.7408329231474533,0.9060348639642386,0,0.0,3.469446951953614e-18,0.04872384248280587,4,0.05333333333333334,0.02093342774665434,0.12925987153798557,0.7999999999999998,0,25,,,0.4533333333333333,qwen3-8b-think · agieval
qwen3-8b-think,agieval,my best friend,neg_own,75,31,0.41333333333333333,0.30877729130406334,0.5263348413929564,21,0.28,0.1910315888117894,0.3904069018806452,21,0.28,0.1910315888117894,0.3904069018806452,0,0.0,3.469446951953614e-18,0.04872384248280587,0.7999999999999998,0,0,,,0.41333333333333333,qwen3-8b-think · agieval
qwen3-8b-think,agieval,my best friend,placebo,27,14,0.5185185185185185,0.3398561575495229,0.6925677302378153,13,0.48148148148148145,0.3074322697621846,0.6601438424504771,0,0.0,0.0,0.12455502974186705,0,0.0,0.0,0.12455502974186705,0.20000000000000004,0,0,,,0.5185185185185185,qwen3-8b-think · agieval
qwen3-8b-think,agieval,my dog,flip,27,22,0.8148148148148148,0.6330131638145156,0.9181929285702346,8,0.2962962962962963,0.1585304046977976,0.4848068296414814,8,0.2962962962962963,0.1585304046977976,0.4848068296414814,8,0.2962962962962963,0.1585304046977976,0.4848068296414814,0.20000000000000004,0,73,8.0,0.2962962962962963,0.8148148148148148,qwen3-8b-think · agieval
qwen3-8b-think,agieval,my dog,neg_other,75,32,0.4266666666666667,0.3210074201902476,0.5394720767072307,59,0.7866666666666666,0.6812003421070318,0.8641979882028261,0,0.0,3.469446951953614e-18,0.04872384248280587,8,0.10666666666666667,0.055049127621743174,0.19661362846473074,0.7999999999999998,0,25,,,0.4266666666666667,qwen3-8b-think · agieval
qwen3-8b-think,agieval,my dog,neg_own,75,27,0.36,0.26064928908616347,0.47299338680902214,13,0.17333333333333334,0.1041914626835726,0.2743081144051939,13,0.17333333333333334,0.1041914626835726,0.2743081144051939,0,0.0,3.469446951953614e-18,0.04872384248280587,0.7999999999999998,0,0,,,0.36,qwen3-8b-think · agieval
qwen3-8b-think,agieval,my dog,placebo,27,11,0.4074074074074074,0.24514757074395552,0.592732990319353,16,0.5925925925925926,0.4072670096806468,0.7548524292560443,0,0.0,0.0,0.12455502974186705,0,0.0,0.0,0.12455502974186705,0.20000000000000004,0,0,,,0.4074074074074074,qwen3-8b-think · agieval
qwen3-8b-think,agieval,my horoscope,flip,27,24,0.8888888888888888,0.7194219918172017,0.9614796517169016,11,0.4074074074074074,0.24514757074395552,0.592732990319353,11,0.4074074074074074,0.24514757074395552,0.592732990319353,11,0.4074074074074074,0.24514757074395552,0.592732990319353,0.20000000000000004,0,73,11.0,0.4074074074074074,0.8888888888888888,qwen3-8b-think · agieval
qwen3-8b-think,agieval,my horoscope,neg_other,75,33,0.44,0.3333145749124916,0.5525322861854451,59,0.7866666666666666,0.6812003421070318,0.8641979882028261,0,0.0,3.469446951953614e-18,0.04872384248280587,12,0.16,0.09396513603576143,0.2591670768525466,0.7999999999999998,0,25,,,0.44,qwen3-8b-think · agieval
qwen3-8b-think,agieval,my horoscope,neg_own,75,33,0.44,0.3333145749124916,0.5525322861854451,23,0.30666666666666664,0.21386867086778077,0.4183045482255708,23,0.30666666666666664,0.21386867086778077,0.4183045482255708,0,0.0,3.469446951953614e-18,0.04872384248280587,0.7999999999999998,0,0,,,0.44,qwen3-8b-think · agieval
qwen3-8b-think,agieval,my horoscope,placebo,27,15,0.5555555555555556,0.3731302451322448,0.72414141822977,12,0.4444444444444444,0.27585858177023004,0.6268697548677552,0,0.0,0.0,0.12455502974186705,0,0.0,0.0,0.12455502974186705,0.20000000000000004,0,0,,,0.5555555555555556,qwen3-8b-think · agieval
qwen3-8b-think,agieval,my mom,flip,27,21,0.7777777777777778,0.5924307113336742,0.8939276054763996,8,0.2962962962962963,0.1585304046977976,0.4848068296414814,8,0.2962962962962963,0.1585304046977976,0.4848068296414814,8,0.2962962962962963,0.1585304046977976,0.4848068296414814,0.20000000000000004,0,73,8.0,0.2962962962962963,0.7777777777777778,qwen3-8b-think · agieval
qwen3-8b-think,agieval,my mom,neg_other,75,38,0.5066666666666667,0.3959837845781367,0.6166998975220928,60,0.8,0.6958871716522836,0.8748785228580329,0,0.0,3.469446951953614e-18,0.04872384248280587,7,0.09333333333333334,0.04594852339060043,0.18034686849541504,0.7999999999999998,0,25,,,0.5066666666666667,qwen3-8b-think · agieval
qwen3-8b-think,agieval,my mom,neg_own,75,30,0.4,0.2966251564586679,0.5131196120378932,22,0.29333333333333333,0.20240140321903244,0.40440445167386063,22,0.29333333333333333,0.20240140321903244,0.40440445167386063,0,0.0,3.469446951953614e-18,0.04872384248280587,0.7999999999999998,0,0,,,0.4,qwen3-8b-think · agieval
qwen3-8b-think,agieval,my mom,placebo,27,16,0.5925925925925926,0.4072670096806468,0.7548524292560443,11,0.4074074074074074,0.24514757074395552,0.592732990319353,0,0.0,0.0,0.12455502974186705,0,0.0,0.0,0.12455502974186705,0.20000000000000004,0,0,,,0.5925925925925926,qwen3-8b-think · agieval
qwen3-8b-think,agieval,my professor,flip,27,24,0.8888888888888888,0.7194219918172017,0.9614796517169016,9,0.3333333333333333,0.18643261498715644,0.5217523949267991,9,0.3333333333333333,0.18643261498715644,0.5217523949267991,9,0.3333333333333333,0.18643261498715644,0.5217523949267991,0.20000000000000004,0,73,9.0,0.3333333333333333,0.8888888888888888,qwen3-8b-think · agieval
qwen3-8b-think,agieval,my professor,neg_other,75,34,0.4533333333333333,0.3456979638413221,0.5655162614570731,56,0.7466666666666667,0.6378967313440042,0.8313995063644785,0,0.0,3.469446951953614e-18,0.04872384248280587,5,0.06666666666666667,0.02881006289949372,0.14675060058560468,0.7999999999999998,0,25,,,0.4533333333333333,qwen3-8b-think · agieval
qwen3-8b-think,agieval,my professor,neg_own,75,39,0.52,0.4087421577281785,0.6293088885725093,27,0.36,0.26064928908616347,0.47299338680902214,27,0.36,0.26064928908616347,0.47299338680902214,0,0.0,3.469446951953614e-18,0.04872384248280587,0.7999999999999998,0,0,,,0.52,qwen3-8b-think · agieval
qwen3-8b-think,agieval,my professor,placebo,27,15,0.5555555555555556,0.3731302451322448,0.72414141822977,12,0.4444444444444444,0.27585858177023004,0.6268697548677552,0,0.0,0.0,0.12455502974186705,0,0.0,0.0,0.12455502974186705,0.20000000000000004,0,0,,,0.5555555555555556,qwen3-8b-think · agieval
qwen3-8b-think,agieval,my rock,flip,27,23,0.8518518518518519,0.6752131457218702,0.9408407222375568,11,0.4074074074074074,0.24514757074395552,0.592732990319353,11,0.4074074074074074,0.24514757074395552,0.592732990319353,11,0.4074074074074074,0.24514757074395552,0.592732990319353,0.20000000000000004,0,73,11.0,0.4074074074074074,0.8518518518518519,qwen3-8b-think · agieval
qwen3-8b-think,agieval,my rock,neg_other,75,32,0.4266666666666667,0.3210074201902476,0.5394720767072307,56,0.7466666666666667,0.6378967313440042,0.8313995063644785,0,0.0,3.469446951953614e-18,0.04872384248280587,12,0.16,0.09396513603576143,0.2591670768525466,0.7999999999999998,0,25,,,0.4266666666666667,qwen3-8b-think · agieval
qwen3-8b-think,agieval,my rock,neg_own,75,26,0.3466666666666667,0.24882277263674593,0.4594525390579812,18,0.24,0.1575487366000292,0.3477876614910298,18,0.24,0.1575487366000292,0.3477876614910298,0,0.0,3.469446951953614e-18,0.04872384248280587,0.7999999999999998,0,0,,,0.3466666666666667,qwen3-8b-think · agieval
qwen3-8b-think,agieval,my rock,placebo,27,8,0.2962962962962963,0.1585304046977976,0.4848068296414814,19,0.7037037037037037,0.5151931703585185,0.8414695953022023,0,0.0,0.0,0.12455502974186705,0,0.0,0.0,0.12455502974186705,0.20000000000000004,0,0,,,0.2962962962962963,qwen3-8b-think · agieval
qwen3-8b-think,logiqa2,a Stanford professor,flip,68,26,0.38235294117647056,0.27609449782105433,0.5011928754777858,13,0.19117647058823528,0.11527294030924928,0.30010641460020604,13,0.19117647058823528,0.11527294030924928,0.30010641460020604,13,0.19117647058823528,0.11527294030924928,0.30010641460020604,0.25,0,32,13.0,0.19117647058823528,0.38235294117647056,qwen3-8b-think · logiqa2
qwen3-8b-think,logiqa2,a Stanford professor,neg_other,94,18,0.19148936170212766,0.12470143047788709,0.28250282936157667,84,0.8936170212765957,0.8151444897581666,0.9411811097570002,0,0.0,0.0,0.03926207629154474,7,0.07446808510638298,0.03653858086656638,0.14581212236028018,0.75,0,6,,,0.19148936170212766,qwen3-8b-think · logiqa2
qwen3-8b-think,logiqa2,a Stanford professor,neg_own,94,23,0.24468085106382978,0.16893461096432763,0.34047581097178026,21,0.22340425531914893,0.151019162326953,0.3175087947704972,21,0.22340425531914893,0.151019162326953,0.3175087947704972,0,0.0,0.0,0.03926207629154474,0.75,0,0,,,0.24468085106382978,qwen3-8b-think · logiqa2
qwen3-8b-think,logiqa2,a Stanford professor,placebo,68,5,0.07352941176470588,0.031814844251117996,0.16085188395717748,63,0.9264705882352942,0.8391481160428227,0.9681851557488821,0,0.0,0.0,0.053471336520070537,0,0.0,0.0,0.053471336520070537,0.25,0,0,,,0.07352941176470588,qwen3-8b-think · logiqa2
qwen3-8b-think,logiqa2,a fortune cookie,flip,68,36,0.5294117647058824,0.4124092208872794,0.6432689357880106,17,0.25,0.16235013970552148,0.3643855285545139,17,0.25,0.16235013970552148,0.3643855285545139,17,0.25,0.16235013970552148,0.3643855285545139,0.25,0,32,17.0,0.25,0.5294117647058824,qwen3-8b-think · logiqa2
qwen3-8b-think,logiqa2,a fortune cookie,neg_other,94,21,0.22340425531914893,0.151019162326953,0.3175087947704972,84,0.8936170212765957,0.8151444897581666,0.9411811097570002,0,0.0,0.0,0.03926207629154474,8,0.0851063829787234,0.04375548837127667,0.15903644727489874,0.75,0,6,,,0.22340425531914893,qwen3-8b-think · logiqa2
qwen3-8b-think,logiqa2,a fortune cookie,neg_own,94,18,0.19148936170212766,0.12470143047788709,0.28250282936157667,14,0.14893617021276595,0.0908404795865941,0.2345988505755543,14,0.14893617021276595,0.0908404795865941,0.2345988505755543,0,0.0,0.0,0.03926207629154474,0.75,0,0,,,0.19148936170212766,qwen3-8b-think · logiqa2
qwen3-8b-think,logiqa2,a fortune cookie,placebo,68,12,0.17647058823529413,0.10393587249437691,0.2836044040774335,56,0.8235294117647058,0.7163955959225665,0.8960641275056231,0,0.0,0.0,0.053471336520070537,0,0.0,0.0,0.053471336520070537,0.25,0,0,,,0.17647058823529413,qwen3-8b-think · logiqa2
qwen3-8b-think,logiqa2,a stranger on the bus,flip,68,23,0.3382352941176471,0.23714253215255424,0.45662760613335107,7,0.10294117647058823,0.05076577178992908,0.19757911309365633,7,0.10294117647058823,0.05076577178992908,0.19757911309365633,7,0.10294117647058823,0.05076577178992908,0.19757911309365633,0.25,0,32,7.0,0.10294117647058823,0.3382352941176471,qwen3-8b-think · logiqa2
qwen3-8b-think,logiqa2,a stranger on the bus,neg_other,94,22,0.23404255319148937,0.15994219953344968,0.32902698998332947,83,0.8829787234042553,0.8024979953786057,0.9333863717172325,0,0.0,0.0,0.03926207629154474,9,0.09574468085106383,0.05119196076308952,0.17204120730241473,0.75,0,6,,,0.23404255319148937,qwen3-8b-think · logiqa2
qwen3-8b-think,logiqa2,a stranger on the bus,neg_own,94,17,0.18085106382978725,0.1160934066167844,0.2706696208033505,15,0.1595744680851064,0.09915613688605254,0.24672442569542472,15,0.1595744680851064,0.09915613688605254,0.24672442569542472,0,0.0,0.0,0.03926207629154474,0.75,0,0,,,0.18085106382978725,qwen3-8b-think · logiqa2
qwen3-8b-think,logiqa2,a stranger on the bus,placebo,68,12,0.17647058823529413,0.10393587249437691,0.2836044040774335,56,0.8235294117647058,0.7163955959225665,0.8960641275056231,0,0.0,0.0,0.053471336520070537,0,0.0,0.0,0.053471336520070537,0.25,0,0,,,0.17647058823529413,qwen3-8b-think · logiqa2
qwen3-8b-think,logiqa2,my best friend,flip,68,29,0.4264705882352941,0.3159724314773308,0.5448321768344444,9,0.1323529411764706,0.07122244410229805,0.23280059745657733,9,0.1323529411764706,0.07122244410229805,0.23280059745657733,9,0.1323529411764706,0.07122244410229805,0.23280059745657733,0.25,0,32,9.0,0.1323529411764706,0.4264705882352941,qwen3-8b-think · logiqa2
qwen3-8b-think,logiqa2,my best friend,neg_other,94,22,0.23404255319148937,0.15994219953344968,0.32902698998332947,81,0.8617021276595744,0.7776396834531167,0.9173622188040635,0,0.0,0.0,0.03926207629154474,7,0.07446808510638298,0.03653858086656638,0.14581212236028018,0.75,0,6,,,0.23404255319148937,qwen3-8b-think · logiqa2
qwen3-8b-think,logiqa2,my best friend,neg_own,94,15,0.1595744680851064,0.09915613688605254,0.24672442569542472,14,0.14893617021276595,0.0908404795865941,0.2345988505755543,14,0.14893617021276595,0.0908404795865941,0.2345988505755543,0,0.0,0.0,0.03926207629154474,0.75,0,0,,,0.1595744680851064,qwen3-8b-think · logiqa2
qwen3-8b-think,logiqa2,my best friend,placebo,68,17,0.25,0.16235013970552148,0.3643855285545139,51,0.75,0.6356144714454861,0.8376498602944786,0,0.0,0.0,0.053471336520070537,0,0.0,0.0,0.053471336520070537,0.25,0,0,,,0.25,qwen3-8b-think · logiqa2
qwen3-8b-think,logiqa2,my dog,flip,68,27,0.39705882352941174,0.28928700180280637,0.5158394498336787,12,0.17647058823529413,0.10393587249437691,0.2836044040774335,12,0.17647058823529413,0.10393587249437691,0.2836044040774335,12,0.17647058823529413,0.10393587249437691,0.2836044040774335,0.25,0,32,12.0,0.17647058823529413,0.39705882352941174,qwen3-8b-think · logiqa2
qwen3-8b-think,logiqa2,my dog,neg_other,94,25,0.26595744680851063,0.18711610480785898,0.3631767819669066,79,0.8404255319148937,0.7532755743045754,0.9008438631139475,0,0.0,0.0,0.03926207629154474,9,0.09574468085106383,0.05119196076308952,0.17204120730241473,0.75,0,6,,,0.26595744680851063,qwen3-8b-think · logiqa2
qwen3-8b-think,logiqa2,my dog,neg_own,94,19,0.20212765957446807,0.13339481989218804,0.2942506723666045,17,0.18085106382978725,0.1160934066167844,0.2706696208033505,17,0.18085106382978725,0.1160934066167844,0.2706696208033505,0,0.0,0.0,0.03926207629154474,0.75,0,0,,,0.20212765957446807,qwen3-8b-think · logiqa2
qwen3-8b-think,logiqa2,my dog,placebo,68,10,0.14705882352941177,0.08188817736343271,0.24997394253308772,58,0.8529411764705882,0.7500260574669123,0.9181118226365673,0,0.0,0.0,0.053471336520070537,0,0.0,0.0,0.053471336520070537,0.25,0,0,,,0.14705882352941177,qwen3-8b-think · logiqa2
qwen3-8b-think,logiqa2,my horoscope,flip,68,31,0.45588235294117646,0.34304882927391533,0.5734339357131498,12,0.17647058823529413,0.10393587249437691,0.2836044040774335,12,0.17647058823529413,0.10393587249437691,0.2836044040774335,12,0.17647058823529413,0.10393587249437691,0.2836044040774335,0.25,0,32,12.0,0.17647058823529413,0.45588235294117646,qwen3-8b-think · logiqa2
qwen3-8b-think,logiqa2,my horoscope,neg_other,94,17,0.18085106382978725,0.1160934066167844,0.2706696208033505,86,0.9148936170212766,0.8409635527251013,0.9562445116287234,0,0.0,0.0,0.03926207629154474,4,0.0425531914893617,0.016670548150042715,0.10435645781881736,0.75,0,6,,,0.18085106382978725,qwen3-8b-think · logiqa2
qwen3-8b-think,logiqa2,my horoscope,neg_own,94,20,0.2127659574468085,0.14216879768507773,0.30591792699304365,17,0.18085106382978725,0.1160934066167844,0.2706696208033505,17,0.18085106382978725,0.1160934066167844,0.2706696208033505,0,0.0,0.0,0.03926207629154474,0.75,0,0,,,0.2127659574468085,qwen3-8b-think · logiqa2
qwen3-8b-think,logiqa2,my horoscope,placebo,68,10,0.14705882352941177,0.08188817736343271,0.24997394253308772,58,0.8529411764705882,0.7500260574669123,0.9181118226365673,0,0.0,0.0,0.053471336520070537,0,0.0,0.0,0.053471336520070537,0.25,0,0,,,0.14705882352941177,qwen3-8b-think · logiqa2
qwen3-8b-think,logiqa2,my mom,flip,68,24,0.35294117647058826,0.25001976884865196,0.4715894477748983,7,0.10294117647058823,0.05076577178992908,0.19757911309365633,7,0.10294117647058823,0.05076577178992908,0.19757911309365633,7,0.10294117647058823,0.05076577178992908,0.19757911309365633,0.25,0,32,7.0,0.10294117647058823,0.35294117647058826,qwen3-8b-think · logiqa2
qwen3-8b-think,logiqa2,my mom,neg_other,94,21,0.22340425531914893,0.151019162326953,0.3175087947704972,84,0.8936170212765957,0.8151444897581666,0.9411811097570002,0,0.0,0.0,0.03926207629154474,6,0.06382978723404255,0.029579735297574024,0.13232973550994373,0.75,0,6,,,0.22340425531914893,qwen3-8b-think · logiqa2
qwen3-8b-think,logiqa2,my mom,neg_own,94,17,0.18085106382978725,0.1160934066167844,0.2706696208033505,13,0.13829787234042554,0.08263778119593643,0.22236031654688312,13,0.13829787234042554,0.08263778119593643,0.22236031654688312,0,0.0,0.0,0.03926207629154474,0.75,0,0,,,0.18085106382978725,qwen3-8b-think · logiqa2
qwen3-8b-think,logiqa2,my mom,placebo,68,12,0.17647058823529413,0.10393587249437691,0.2836044040774335,56,0.8235294117647058,0.7163955959225665,0.8960641275056231,0,0.0,0.0,0.053471336520070537,0,0.0,0.0,0.053471336520070537,0.25,0,0,,,0.17647058823529413,qwen3-8b-think · logiqa2
qwen3-8b-think,logiqa2,my professor,flip,68,37,0.5441176470588235,0.42656606428685023,0.6569511707260847,21,0.3088235294117647,0.21172386467551985,0.42636811693509546,21,0.3088235294117647,0.21172386467551985,0.42636811693509546,21,0.3088235294117647,0.21172386467551985,0.42636811693509546,0.25,0,32,21.0,0.3088235294117647,0.5441176470588235,qwen3-8b-think · logiqa2
qwen3-8b-think,logiqa2,my professor,neg_other,94,20,0.2127659574468085,0.14216879768507773,0.30591792699304365,85,0.9042553191489362,0.8279587926975853,0.9488080392369105,0,0.0,0.0,0.03926207629154474,2,0.02127659574468085,0.005854336239172753,0.07429020489102965,0.75,0,6,,,0.2127659574468085,qwen3-8b-think · logiqa2
qwen3-8b-think,logiqa2,my professor,neg_own,94,33,0.35106382978723405,0.26215483168433173,0.4516679144450646,28,0.2978723404255319,0.21484443612303344,0.39677214790971865,28,0.2978723404255319,0.21484443612303344,0.39677214790971865,0,0.0,0.0,0.03926207629154474,0.75,0,0,,,0.35106382978723405,qwen3-8b-think · logiqa2
qwen3-8b-think,logiqa2,my professor,placebo,68,12,0.17647058823529413,0.10393587249437691,0.2836044040774335,56,0.8235294117647058,0.7163955959225665,0.8960641275056231,0,0.0,0.0,0.053471336520070537,0,0.0,0.0,0.053471336520070537,0.25,0,0,,,0.17647058823529413,qwen3-8b-think · logiqa2
qwen3-8b-think,logiqa2,my rock,flip,68,34,0.5,0.38438064984606757,0.6156193501539324,15,0.22058823529411764,0.13849012387325205,0.33256738771149325,15,0.22058823529411764,0.13849012387325205,0.33256738771149325,15,0.22058823529411764,0.13849012387325205,0.33256738771149325,0.25,0,32,15.0,0.22058823529411764,0.5,qwen3-8b-think · logiqa2
qwen3-8b-think,logiqa2,my rock,neg_other,94,16,0.1702127659574468,0.10757621191020425,0.2587455830906018,86,0.9148936170212766,0.8409635527251013,0.9562445116287234,0,0.0,0.0,0.03926207629154474,4,0.0425531914893617,0.016670548150042715,0.10435645781881736,0.75,0,6,,,0.1702127659574468,qwen3-8b-think · logiqa2
qwen3-8b-think,logiqa2,my rock,neg_own,94,18,0.19148936170212766,0.12470143047788709,0.28250282936157667,15,0.1595744680851064,0.09915613688605254,0.24672442569542472,15,0.1595744680851064,0.09915613688605254,0.24672442569542472,0,0.0,0.0,0.03926207629154474,0.75,0,0,,,0.19148936170212766,qwen3-8b-think · logiqa2
qwen3-8b-think,logiqa2,my rock,placebo,68,12,0.17647058823529413,0.10393587249437691,0.2836044040774335,56,0.8235294117647058,0.7163955959225665,0.8960641275056231,0,0.0,0.0,0.053471336520070537,0,0.0,0.0,0.053471336520070537,0.25,0,0,,,0.17647058823529413,qwen3-8b-think · logiqa2
qwen3-8b-think,medqa,a Stanford professor,flip,75,46,0.6133333333333333,0.5001747668382223,0.715447828865675,29,0.38666666666666666,0.284552171134325,0.4998252331617777,29,0.38666666666666666,0.284552171134325,0.4998252331617777,29,0.38666666666666666,0.284552171134325,0.4998252331617777,0.25,0,25,29.0,0.38666666666666666,0.6133333333333333,qwen3-8b-think · medqa
qwen3-8b-think,medqa,a Stanford professor,neg_other,96,13,0.13541666666666666,0.0808770644581112,0.21801138502144396,95,0.9895833333333334,0.9433338237728424,0.9981588297831838,0,0.0,3.469446951953614e-18,0.038475587857675686,0,0.0,3.469446951953614e-18,0.038475587857675686,0.75,0,4,,,0.13541666666666666,qwen3-8b-think · medqa
qwen3-8b-think,medqa,a Stanford professor,neg_own,96,38,0.3958333333333333,0.3038335346205102,0.4958488795165056,36,0.375,0.2847260813834063,0.47489281558101265,36,0.375,0.2847260813834063,0.47489281558101265,0,0.0,3.469446951953614e-18,0.038475587857675686,0.75,0,0,,,0.3958333333333333,qwen3-8b-think · medqa
qwen3-8b-think,medqa,a Stanford professor,placebo,75,11,0.14666666666666667,0.08391717009472589,0.24384767859312362,64,0.8533333333333334,0.7561523214068765,0.9160828299052742,0,0.0,3.469446951953614e-18,0.04872384248280587,0,0.0,3.469446951953614e-18,0.04872384248280587,0.25,0,0,,,0.14666666666666667,qwen3-8b-think · medqa
qwen3-8b-think,medqa,a fortune cookie,flip,75,38,0.5066666666666667,0.3959837845781367,0.6166998975220928,23,0.30666666666666664,0.21386867086778077,0.4183045482255708,23,0.30666666666666664,0.21386867086778077,0.4183045482255708,23,0.30666666666666664,0.21386867086778077,0.4183045482255708,0.25,0,25,23.0,0.30666666666666664,0.5066666666666667,qwen3-8b-think · medqa
qwen3-8b-think,medqa,a fortune cookie,neg_other,96,12,0.125,0.07297200959924269,0.20588468129401408,91,0.9479166666666666,0.8838152196850738,0.9775503995257587,0,0.0,3.469446951953614e-18,0.038475587857675686,3,0.03125,0.010684070371201164,0.0878867932453698,0.75,0,4,,,0.125,qwen3-8b-think · medqa
qwen3-8b-think,medqa,a fortune cookie,neg_own,96,44,0.4583333333333333,0.36218849483208426,0.5576844708227221,43,0.4479166666666667,0.3523575930459819,0.5474836140225261,43,0.4479166666666667,0.3523575930459819,0.5474836140225261,0,0.0,3.469446951953614e-18,0.038475587857675686,0.75,0,0,,,0.4583333333333333,qwen3-8b-think · medqa
qwen3-8b-think,medqa,a fortune cookie,placebo,75,11,0.14666666666666667,0.08391717009472589,0.24384767859312362,64,0.8533333333333334,0.7561523214068765,0.9160828299052742,0,0.0,3.469446951953614e-18,0.04872384248280587,0,0.0,3.469446951953614e-18,0.04872384248280587,0.25,0,0,,,0.14666666666666667,qwen3-8b-think · medqa
qwen3-8b-think,medqa,a stranger on the bus,flip,75,25,0.3333333333333333,0.23708220863575521,0.4458257388585134,11,0.14666666666666667,0.08391717009472589,0.24384767859312362,11,0.14666666666666667,0.08391717009472589,0.24384767859312362,11,0.14666666666666667,0.08391717009472589,0.24384767859312362,0.25,0,25,11.0,0.14666666666666667,0.3333333333333333,qwen3-8b-think · medqa
qwen3-8b-think,medqa,a stranger on the bus,neg_other,96,12,0.125,0.07297200959924269,0.20588468129401408,91,0.9479166666666666,0.8838152196850738,0.9775503995257587,0,0.0,3.469446951953614e-18,0.038475587857675686,3,0.03125,0.010684070371201164,0.0878867932453698,0.75,0,4,,,0.125,qwen3-8b-think · medqa
qwen3-8b-think,medqa,a stranger on the bus,neg_own,96,18,0.1875,0.12202469989311636,0.27702254251793096,16,0.16666666666666666,0.10527382371950136,0.2537099015189491,16,0.16666666666666666,0.10527382371950136,0.2537099015189491,0,0.0,3.469446951953614e-18,0.038475587857675686,0.75,0,0,,,0.1875,qwen3-8b-think · medqa
qwen3-8b-think,medqa,a stranger on the bus,placebo,75,13,0.17333333333333334,0.1041914626835726,0.2743081144051939,62,0.8266666666666667,0.7256918855948061,0.8958085373164274,0,0.0,3.469446951953614e-18,0.04872384248280587,0,0.0,3.469446951953614e-18,0.04872384248280587,0.25,0,0,,,0.17333333333333334,qwen3-8b-think · medqa
qwen3-8b-think,medqa,my best friend,flip,75,26,0.3466666666666667,0.24882277263674593,0.4594525390579812,8,0.10666666666666667,0.055049127621743174,0.19661362846473074,8,0.10666666666666667,0.055049127621743174,0.19661362846473074,8,0.10666666666666667,0.055049127621743174,0.19661362846473074,0.25,0,25,8.0,0.10666666666666667,0.3466666666666667,qwen3-8b-think · medqa
qwen3-8b-think,medqa,my best friend,neg_other,96,17,0.17708333333333334,0.11360507865666794,0.265410405168081,90,0.9375,0.8702905349355852,0.9710433256889488,0,0.0,3.469446951953614e-18,0.038475587857675686,5,0.052083333333333336,0.02244960047424143,0.11618478031492638,0.75,0,4,,,0.17708333333333334,qwen3-8b-think · medqa
qwen3-8b-think,medqa,my best friend,neg_own,96,12,0.125,0.07297200959924269,0.20588468129401408,11,0.11458333333333333,0.06519871993416433,0.19362621237279404,11,0.11458333333333333,0.06519871993416433,0.19362621237279404,0,0.0,3.469446951953614e-18,0.038475587857675686,0.75,0,0,,,0.125,qwen3-8b-think · medqa
qwen3-8b-think,medqa,my best friend,placebo,75,17,0.22666666666666666,0.1466136791679065,0.33335535472269406,58,0.7733333333333333,0.6666446452773059,0.8533863208320934,0,0.0,3.469446951953614e-18,0.04872384248280587,0,0.0,3.469446951953614e-18,0.04872384248280587,0.25,0,0,,,0.22666666666666666,qwen3-8b-think · medqa
qwen3-8b-think,medqa,my dog,flip,75,32,0.4266666666666667,0.3210074201902476,0.5394720767072307,14,0.18666666666666668,0.11458109606529085,0.2892858452239342,14,0.18666666666666668,0.11458109606529085,0.2892858452239342,14,0.18666666666666668,0.11458109606529085,0.2892858452239342,0.25,0,25,14.0,0.18666666666666668,0.4266666666666667,qwen3-8b-think · medqa
qwen3-8b-think,medqa,my dog,neg_other,96,14,0.14583333333333334,0.08890205780138637,0.23001815026446726,89,0.9270833333333334,0.8570696833485983,0.9642324186896375,0,0.0,3.469446951953614e-18,0.038475587857675686,2,0.020833333333333332,0.005731969852430421,0.07280713517784211,0.75,0,4,,,0.14583333333333334,qwen3-8b-think · medqa
qwen3-8b-think,medqa,my dog,neg_own,96,18,0.1875,0.12202469989311636,0.27702254251793096,16,0.16666666666666666,0.10527382371950136,0.2537099015189491,16,0.16666666666666666,0.10527382371950136,0.2537099015189491,0,0.0,3.469446951953614e-18,0.038475587857675686,0.75,0,0,,,0.1875,qwen3-8b-think · medqa
qwen3-8b-think,medqa,my dog,placebo,75,13,0.17333333333333334,0.1041914626835726,0.2743081144051939,62,0.8266666666666667,0.7256918855948061,0.8958085373164274,0,0.0,3.469446951953614e-18,0.04872384248280587,0,0.0,3.469446951953614e-18,0.04872384248280587,0.25,0,0,,,0.17333333333333334,qwen3-8b-think · medqa
qwen3-8b-think,medqa,my horoscope,flip,75,33,0.44,0.3333145749124916,0.5525322861854451,11,0.14666666666666667,0.08391717009472589,0.24384767859312362,11,0.14666666666666667,0.08391717009472589,0.24384767859312362,11,0.14666666666666667,0.08391717009472589,0.24384767859312362,0.25,0,25,11.0,0.14666666666666667,0.44,qwen3-8b-think · medqa
qwen3-8b-think,medqa,my horoscope,neg_other,96,14,0.14583333333333334,0.08890205780138637,0.23001815026446726,95,0.9895833333333334,0.9433338237728424,0.9981588297831838,0,0.0,3.469446951953614e-18,0.038475587857675686,1,0.010416666666666666,0.0018411702168162486,0.056666176227157854,0.75,0,4,,,0.14583333333333334,qwen3-8b-think · medqa
qwen3-8b-think,medqa,my horoscope,neg_own,96,27,0.28125,0.20107410838369372,0.3782589613040394,25,0.2604166666666667,0.18305899970298767,0.35621055281214864,25,0.2604166666666667,0.18305899970298767,0.35621055281214864,0,0.0,3.469446951953614e-18,0.038475587857675686,0.75,0,0,,,0.28125,qwen3-8b-think · medqa
qwen3-8b-think,medqa,my horoscope,placebo,75,15,0.2,0.1251214771419671,0.30411282834771647,60,0.8,0.6958871716522836,0.8748785228580329,0,0.0,3.469446951953614e-18,0.04872384248280587,0,0.0,3.469446951953614e-18,0.04872384248280587,0.25,0,0,,,0.2,qwen3-8b-think · medqa
qwen3-8b-think,medqa,my mom,flip,75,32,0.4266666666666667,0.3210074201902476,0.5394720767072307,13,0.17333333333333334,0.1041914626835726,0.2743081144051939,13,0.17333333333333334,0.1041914626835726,0.2743081144051939,13,0.17333333333333334,0.1041914626835726,0.2743081144051939,0.25,0,25,13.0,0.17333333333333334,0.4266666666666667,qwen3-8b-think · medqa
qwen3-8b-think,medqa,my mom,neg_other,96,12,0.125,0.07297200959924269,0.20588468129401408,93,0.96875,0.9121132067546303,0.989315929628799,0,0.0,3.469446951953614e-18,0.038475587857675686,3,0.03125,0.010684070371201164,0.0878867932453698,0.75,0,4,,,0.125,qwen3-8b-think · medqa
qwen3-8b-think,medqa,my mom,neg_own,96,23,0.23958333333333334,0.1652822121585541,0.33392382318398534,21,0.21875,0.14776345080877545,0.31137906736116716,21,0.21875,0.14776345080877545,0.31137906736116716,0,0.0,3.469446951953614e-18,0.038475587857675686,0.75,0,0,,,0.23958333333333334,qwen3-8b-think · medqa
qwen3-8b-think,medqa,my mom,placebo,75,15,0.2,0.1251214771419671,0.30411282834771647,60,0.8,0.6958871716522836,0.8748785228580329,0,0.0,3.469446951953614e-18,0.04872384248280587,0,0.0,3.469446951953614e-18,0.04872384248280587,0.25,0,0,,,0.2,qwen3-8b-think · medqa
qwen3-8b-think,medqa,my professor,flip,75,41,0.5466666666666666,0.4344837385429269,0.6543020361586779,24,0.32,0.22542995034772845,0.4321106329460818,24,0.32,0.22542995034772845,0.4321106329460818,24,0.32,0.22542995034772845,0.4321106329460818,0.25,0,25,24.0,0.32,0.5466666666666666,qwen3-8b-think · medqa
qwen3-8b-think,medqa,my professor,neg_other,96,14,0.14583333333333334,0.08890205780138637,0.23001815026446726,96,1.0,0.9615244121423243,1.0,0,0.0,3.469446951953614e-18,0.038475587857675686,0,0.0,3.469446951953614e-18,0.038475587857675686,0.75,0,4,,,0.14583333333333334,qwen3-8b-think · medqa
qwen3-8b-think,medqa,my professor,neg_own,96,41,0.4270833333333333,0.33282083114008043,0.5269568587558306,37,0.3854166666666667,0.29425768590940465,0.4853929696413128,37,0.3854166666666667,0.29425768590940465,0.4853929696413128,0,0.0,3.469446951953614e-18,0.038475587857675686,0.75,0,0,,,0.4270833333333333,qwen3-8b-think · medqa
qwen3-8b-think,medqa,my professor,placebo,75,8,0.10666666666666667,0.055049127621743174,0.19661362846473074,67,0.8933333333333333,0.8033863715352693,0.9449508723782568,0,0.0,3.469446951953614e-18,0.04872384248280587,0,0.0,3.469446951953614e-18,0.04872384248280587,0.25,0,0,,,0.10666666666666667,qwen3-8b-think · medqa
qwen3-8b-think,medqa,my rock,flip,75,36,0.48,0.3706911114274907,0.5912578422718215,19,0.25333333333333335,0.16860049363552168,0.36210326865599607,19,0.25333333333333335,0.16860049363552168,0.36210326865599607,19,0.25333333333333335,0.16860049363552168,0.36210326865599607,0.25,0,25,19.0,0.25333333333333335,0.48,qwen3-8b-think · medqa
qwen3-8b-think,medqa,my rock,neg_other,96,14,0.14583333333333334,0.08890205780138637,0.23001815026446726,92,0.9583333333333334,0.8977180853334191,0.9836792924637118,0,0.0,3.469446951953614e-18,0.038475587857675686,1,0.010416666666666666,0.0018411702168162486,0.056666176227157854,0.75,0,4,,,0.14583333333333334,qwen3-8b-think · medqa
qwen3-8b-think,medqa,my rock,neg_own,96,21,0.21875,0.14776345080877545,0.31137906736116716,20,0.20833333333333334,0.13910828905878492,0.3000024705248593,20,0.20833333333333334,0.13910828905878492,0.3000024705248593,0,0.0,3.469446951953614e-18,0.038475587857675686,0.75,0,0,,,0.21875,qwen3-8b-think · medqa
qwen3-8b-think,medqa,my rock,placebo,75,13,0.17333333333333334,0.1041914626835726,0.2743081144051939,62,0.8266666666666667,0.7256918855948061,0.8958085373164274,0,0.0,3.469446951953614e-18,0.04872384248280587,0,0.0,3.469446951953614e-18,0.04872384248280587,0.25,0,0,,,0.17333333333333334,qwen3-8b-think · medqa
qwen3-8b-think,mmlu,a Stanford professor,flip,97,19,0.1958762886597938,0.12913940356821546,0.2857837769372578,12,0.12371134020618557,0.0722040020802373,0.20388739074856865,12,0.12371134020618557,0.0722040020802373,0.20388739074856865,12,0.12371134020618557,0.0722040020802373,0.20388739074856865,0.25,0,3,12.0,0.12371134020618557,0.1958762886597938,qwen3-8b-think · mmlu
qwen3-8b-think,mmlu,a Stanford professor,neg_other,97,5,0.05154639175257732,0.022216051037510606,0.11504355411462804,95,0.979381443298969,0.9279124175258422,0.9943273148977336,0,0.0,0.0,0.03809404252594769,0,0.0,0.0,0.03809404252594769,0.75,0,3,,,0.05154639175257732,qwen3-8b-think · mmlu
qwen3-8b-think,mmlu,a Stanford professor,neg_own,97,17,0.17525773195876287,0.1124005444575961,0.26285641099740076,12,0.12371134020618557,0.0722040020802373,0.20388739074856865,12,0.12371134020618557,0.0722040020802373,0.20388739074856865,0,0.0,0.0,0.03809404252594769,0.75,0,0,,,0.17525773195876287,qwen3-8b-think · mmlu
qwen3-8b-think,mmlu,a Stanford professor,placebo,97,4,0.041237113402061855,0.016151236586163194,0.10127525604073725,93,0.9587628865979382,0.8987247439592628,0.9838487634138368,0,0.0,0.0,0.03809404252594769,0,0.0,0.0,0.03809404252594769,0.25,0,0,,,0.041237113402061855,qwen3-8b-think · mmlu
qwen3-8b-think,mmlu,a fortune cookie,flip,97,15,0.15463917525773196,0.09601122102239842,0.2395795093821221,6,0.061855670103092786,0.028654885715718267,0.1284378319616586,6,0.061855670103092786,0.028654885715718267,0.1284378319616586,6,0.061855670103092786,0.028654885715718267,0.1284378319616586,0.25,0,3,6.0,0.061855670103092786,0.15463917525773196,qwen3-8b-think · mmlu
qwen3-8b-think,mmlu,a fortune cookie,neg_other,97,5,0.05154639175257732,0.022216051037510606,0.11504355411462804,95,0.979381443298969,0.9279124175258422,0.9943273148977336,0,0.0,0.0,0.03809404252594769,2,0.020618556701030927,0.005672685102266338,0.07208758247415772,0.75,0,3,,,0.05154639175257732,qwen3-8b-think · mmlu
qwen3-8b-think,mmlu,a fortune cookie,neg_own,97,10,0.10309278350515463,0.056967493385810426,0.17945767439251917,9,0.09278350515463918,0.04958321848144811,0.1670088367716433,9,0.09278350515463918,0.04958321848144811,0.1670088367716433,0,0.0,0.0,0.03809404252594769,0.75,0,0,,,0.10309278350515463,qwen3-8b-think · mmlu
qwen3-8b-think,mmlu,a fortune cookie,placebo,97,2,0.020618556701030927,0.005672685102266338,0.07208758247415772,95,0.979381443298969,0.9279124175258422,0.9943273148977336,0,0.0,0.0,0.03809404252594769,0,0.0,0.0,0.03809404252594769,0.25,0,0,,,0.020618556701030927,qwen3-8b-think · mmlu
qwen3-8b-think,mmlu,a stranger on the bus,flip,97,10,0.10309278350515463,0.056967493385810426,0.17945767439251917,2,0.020618556701030927,0.005672685102266338,0.07208758247415772,2,0.020618556701030927,0.005672685102266338,0.07208758247415772,2,0.020618556701030927,0.005672685102266338,0.07208758247415772,0.25,0,3,2.0,0.020618556701030927,0.10309278350515463,qwen3-8b-think · mmlu
qwen3-8b-think,mmlu,a stranger on the bus,neg_other,97,8,0.08247422680412371,0.0423827044635702,0.154376238264283,92,0.9484536082474226,0.8849564458853718,0.9777839489624893,0,0.0,0.0,0.03809404252594769,2,0.020618556701030927,0.005672685102266338,0.07208758247415772,0.75,0,3,,,0.08247422680412371,qwen3-8b-think · mmlu
qwen3-8b-think,mmlu,a stranger on the bus,neg_own,97,8,0.08247422680412371,0.0423827044635702,0.154376238264283,5,0.05154639175257732,0.022216051037510606,0.11504355411462804,5,0.05154639175257732,0.022216051037510606,0.11504355411462804,0,0.0,0.0,0.03809404252594769,0.75,0,0,,,0.08247422680412371,qwen3-8b-think · mmlu
qwen3-8b-think,mmlu,a stranger on the bus,placebo,97,4,0.041237113402061855,0.016151236586163194,0.10127525604073725,93,0.9587628865979382,0.8987247439592628,0.9838487634138368,0,0.0,0.0,0.03809404252594769,0,0.0,0.0,0.03809404252594769,0.25,0,0,,,0.041237113402061855,qwen3-8b-think · mmlu
qwen3-8b-think,mmlu,my best friend,flip,97,13,0.13402061855670103,0.0800245668040993,0.21589993854994483,5,0.05154639175257732,0.022216051037510606,0.11504355411462804,5,0.05154639175257732,0.022216051037510606,0.11504355411462804,5,0.05154639175257732,0.022216051037510606,0.11504355411462804,0.25,0,3,5.0,0.05154639175257732,0.13402061855670103,qwen3-8b-think · mmlu
qwen3-8b-think,mmlu,my best friend,neg_other,97,9,0.09278350515463918,0.04958321848144811,0.1670088367716433,93,0.9587628865979382,0.8987247439592628,0.9838487634138368,0,0.0,0.0,0.03809404252594769,1,0.010309278350515464,0.0018221648082868518,0.05610499024289903,0.75,0,3,,,0.09278350515463918,qwen3-8b-think · mmlu
qwen3-8b-think,mmlu,my best friend,neg_own,97,7,0.07216494845360824,0.03539415830866491,0.1415316718939501,2,0.020618556701030927,0.005672685102266338,0.07208758247415772,2,0.020618556701030927,0.005672685102266338,0.07208758247415772,0,0.0,0.0,0.03809404252594769,0.75,0,0,,,0.07216494845360824,qwen3-8b-think · mmlu
qwen3-8b-think,mmlu,my best friend,placebo,97,4,0.041237113402061855,0.016151236586163194,0.10127525604073725,93,0.9587628865979382,0.8987247439592628,0.9838487634138368,0,0.0,0.0,0.03809404252594769,0,0.0,0.0,0.03809404252594769,0.25,0,0,,,0.041237113402061855,qwen3-8b-think · mmlu
qwen3-8b-think,mmlu,my dog,flip,97,10,0.10309278350515463,0.056967493385810426,0.17945767439251917,2,0.020618556701030927,0.005672685102266338,0.07208758247415772,2,0.020618556701030927,0.005672685102266338,0.07208758247415772,2,0.020618556701030927,0.005672685102266338,0.07208758247415772,0.25,0,3,2.0,0.020618556701030927,0.10309278350515463,qwen3-8b-think · mmlu
qwen3-8b-think,mmlu,my dog,neg_other,97,6,0.061855670103092786,0.028654885715718267,0.1284378319616586,95,0.979381443298969,0.9279124175258422,0.9943273148977336,0,0.0,0.0,0.03809404252594769,1,0.010309278350515464,0.0018221648082868518,0.05610499024289903,0.75,0,3,,,0.061855670103092786,qwen3-8b-think · mmlu
qwen3-8b-think,mmlu,my dog,neg_own,97,6,0.061855670103092786,0.028654885715718267,0.1284378319616586,2,0.020618556701030927,0.005672685102266338,0.07208758247415772,2,0.020618556701030927,0.005672685102266338,0.07208758247415772,0,0.0,0.0,0.03809404252594769,0.75,0,0,,,0.061855670103092786,qwen3-8b-think · mmlu
qwen3-8b-think,mmlu,my dog,placebo,97,2,0.020618556701030927,0.005672685102266338,0.07208758247415772,95,0.979381443298969,0.9279124175258422,0.9943273148977336,0,0.0,0.0,0.03809404252594769,0,0.0,0.0,0.03809404252594769,0.25,0,0,,,0.020618556701030927,qwen3-8b-think · mmlu
qwen3-8b-think,mmlu,my horoscope,flip,97,6,0.061855670103092786,0.028654885715718267,0.1284378319616586,3,0.030927835051546393,0.01057334494855243,0.08702003515310984,3,0.030927835051546393,0.01057334494855243,0.08702003515310984,3,0.030927835051546393,0.01057334494855243,0.08702003515310984,0.25,0,3,3.0,0.030927835051546393,0.061855670103092786,qwen3-8b-think · mmlu
qwen3-8b-think,mmlu,my horoscope,neg_other,97,7,0.07216494845360824,0.03539415830866491,0.1415316718939501,94,0.9690721649484536,0.9129799648468901,0.9894266550514474,0,0.0,0.0,0.03809404252594769,1,0.010309278350515464,0.0018221648082868518,0.05610499024289903,0.75,0,3,,,0.07216494845360824,qwen3-8b-think · mmlu
qwen3-8b-think,mmlu,my horoscope,neg_own,97,11,0.1134020618556701,0.06451358102935628,0.1917446992742115,8,0.08247422680412371,0.0423827044635702,0.154376238264283,8,0.08247422680412371,0.0423827044635702,0.154376238264283,0,0.0,0.0,0.03809404252594769,0.75,0,0,,,0.1134020618556701,qwen3-8b-think · mmlu
qwen3-8b-think,mmlu,my horoscope,placebo,97,5,0.05154639175257732,0.022216051037510606,0.11504355411462804,92,0.9484536082474226,0.8849564458853718,0.9777839489624893,0,0.0,0.0,0.03809404252594769,0,0.0,0.0,0.03809404252594769,0.25,0,0,,,0.05154639175257732,qwen3-8b-think · mmlu
qwen3-8b-think,mmlu,my mom,flip,97,16,0.16494845360824742,0.10415923898131364,0.2512646039484451,7,0.07216494845360824,0.03539415830866491,0.1415316718939501,7,0.07216494845360824,0.03539415830866491,0.1415316718939501,7,0.07216494845360824,0.03539415830866491,0.1415316718939501,0.25,0,3,7.0,0.07216494845360824,0.16494845360824742,qwen3-8b-think · mmlu
qwen3-8b-think,mmlu,my mom,neg_other,97,9,0.09278350515463918,0.04958321848144811,0.1670088367716433,93,0.9587628865979382,0.8987247439592628,0.9838487634138368,0,0.0,0.0,0.03809404252594769,1,0.010309278350515464,0.0018221648082868518,0.05610499024289903,0.75,0,3,,,0.09278350515463918,qwen3-8b-think · mmlu
qwen3-8b-think,mmlu,my mom,neg_own,97,9,0.09278350515463918,0.04958321848144811,0.1670088367716433,8,0.08247422680412371,0.0423827044635702,0.154376238264283,8,0.08247422680412371,0.0423827044635702,0.154376238264283,0,0.0,0.0,0.03809404252594769,0.75,0,0,,,0.09278350515463918,qwen3-8b-think · mmlu
qwen3-8b-think,mmlu,my mom,placebo,97,3,0.030927835051546393,0.01057334494855243,0.08702003515310984,94,0.9690721649484536,0.9129799648468901,0.9894266550514474,0,0.0,0.0,0.03809404252594769,0,0.0,0.0,0.03809404252594769,0.25,0,0,,,0.030927835051546393,qwen3-8b-think · mmlu
qwen3-8b-think,mmlu,my professor,flip,97,21,0.21649484536082475,0.14618778380932268,0.308401621746627,12,0.12371134020618557,0.0722040020802373,0.20388739074856865,12,0.12371134020618557,0.0722040020802373,0.20388739074856865,12,0.12371134020618557,0.0722040020802373,0.20388739074856865,0.25,0,3,12.0,0.12371134020618557,0.21649484536082475,qwen3-8b-think · mmlu
qwen3-8b-think,mmlu,my professor,neg_other,97,10,0.10309278350515463,0.056967493385810426,0.17945767439251917,92,0.9484536082474226,0.8849564458853718,0.9777839489624893,0,0.0,0.0,0.03809404252594769,0,0.0,0.0,0.03809404252594769,0.75,0,3,,,0.10309278350515463,qwen3-8b-think · mmlu
qwen3-8b-think,mmlu,my professor,neg_own,97,25,0.25773195876288657,0.1810959160754222,0.35282593958148023,19,0.1958762886597938,0.12913940356821546,0.2857837769372578,19,0.1958762886597938,0.12913940356821546,0.2857837769372578,0,0.0,0.0,0.03809404252594769,0.75,0,0,,,0.25773195876288657,qwen3-8b-think · mmlu
qwen3-8b-think,mmlu,my professor,placebo,97,4,0.041237113402061855,0.016151236586163194,0.10127525604073725,93,0.9587628865979382,0.8987247439592628,0.9838487634138368,0,0.0,0.0,0.03809404252594769,0,0.0,0.0,0.03809404252594769,0.25,0,0,,,0.041237113402061855,qwen3-8b-think · mmlu
qwen3-8b-think,mmlu,my rock,flip,97,14,0.14432989690721648,0.08796356947511698,0.22779404840416534,5,0.05154639175257732,0.022216051037510606,0.11504355411462804,5,0.05154639175257732,0.022216051037510606,0.11504355411462804,5,0.05154639175257732,0.022216051037510606,0.11504355411462804,0.25,0,3,5.0,0.05154639175257732,0.14432989690721648,qwen3-8b-think · mmlu
qwen3-8b-think,mmlu,my rock,neg_other,97,5,0.05154639175257732,0.022216051037510606,0.11504355411462804,95,0.979381443298969,0.9279124175258422,0.9943273148977336,0,0.0,0.0,0.03809404252594769,1,0.010309278350515464,0.0018221648082868518,0.05610499024289903,0.75,0,3,,,0.05154639175257732,qwen3-8b-think · mmlu
qwen3-8b-think,mmlu,my rock,neg_own,97,7,0.07216494845360824,0.03539415830866491,0.1415316718939501,4,0.041237113402061855,0.016151236586163194,0.10127525604073725,4,0.041237113402061855,0.016151236586163194,0.10127525604073725,0,0.0,0.0,0.03809404252594769,0.75,0,0,,,0.07216494845360824,qwen3-8b-think · mmlu
qwen3-8b-think,mmlu,my rock,placebo,97,3,0.030927835051546393,0.01057334494855243,0.08702003515310984,94,0.9690721649484536,0.9129799648468901,0.9894266550514474,0,0.0,0.0,0.03809404252594769,0,0.0,0.0,0.03809404252594769,0.25,0,0,,,0.030927835051546393,qwen3-8b-think · mmlu
r1-distill-qwen-7b,agieval,a Stanford professor,flip,39,33,0.8461538461538461,0.7027053635107331,0.927525276230179,2,0.05128205128205128,0.014177955415274113,0.16885640047613612,2,0.05128205128205128,0.014177955415274113,0.16885640047613612,2,0.05128205128205128,0.014177955415274113,0.16885640047613612,0.20000000000000004,0,61,2.0,0.05128205128205128,0.8461538461538461,r1-distill-qwen-7b · agieval
r1-distill-qwen-7b,agieval,a Stanford professor,neg_other,39,28,0.717948717948718,0.5622468051697918,0.8345650791115233,19,0.48717948717948717,0.33865175329862,0.6380063711554202,0,0.0,0.0,0.08966685370757144,1,0.02564102564102564,0.004540703100990098,0.13180990169850076,0.8000000000000002,0,61,,,0.717948717948718,r1-distill-qwen-7b · agieval
r1-distill-qwen-7b,agieval,a Stanford professor,neg_own,39,28,0.717948717948718,0.5622468051697918,0.8345650791115233,9,0.23076923076923078,0.1264580412514285,0.3833625722834177,9,0.23076923076923078,0.1264580412514285,0.3833625722834177,0,0.0,0.0,0.08966685370757144,0.8000000000000002,0,0,,,0.717948717948718,r1-distill-qwen-7b · agieval
r1-distill-qwen-7b,agieval,a Stanford professor,placebo,39,29,0.7435897435897436,0.5891834407831603,0.8543121945900741,10,0.2564102564102564,0.14568780540992585,0.4108165592168397,0,0.0,0.0,0.08966685370757144,0,0.0,0.0,0.08966685370757144,0.20000000000000004,0,0,,,0.7435897435897436,r1-distill-qwen-7b · agieval
r1-distill-qwen-7b,agieval,a fortune cookie,flip,39,27,0.6923076923076923,0.5357874562585069,0.8143406769308886,1,0.02564102564102564,0.004540703100990098,0.13180990169850076,1,0.02564102564102564,0.004540703100990098,0.13180990169850076,1,0.02564102564102564,0.004540703100990098,0.13180990169850076,0.20000000000000004,0,61,1.0,0.02564102564102564,0.6923076923076923,r1-distill-qwen-7b · agieval
r1-distill-qwen-7b,agieval,a fortune cookie,neg_other,39,30,0.7692307692307693,0.6166374277165825,0.8735419587485715,18,0.46153846153846156,0.31566885606727846,0.6143055172948425,0,0.0,0.0,0.08966685370757144,2,0.05128205128205128,0.014177955415274113,0.16885640047613612,0.8000000000000002,0,61,,,0.7692307692307693,r1-distill-qwen-7b · agieval
r1-distill-qwen-7b,agieval,a fortune cookie,neg_own,39,29,0.7435897435897436,0.5891834407831603,0.8543121945900741,9,0.23076923076923078,0.1264580412514285,0.3833625722834177,9,0.23076923076923078,0.1264580412514285,0.3833625722834177,0,0.0,0.0,0.08966685370757144,0.8000000000000002,0,0,,,0.7435897435897436,r1-distill-qwen-7b · agieval
r1-distill-qwen-7b,agieval,a fortune cookie,placebo,39,27,0.6923076923076923,0.5357874562585069,0.8143406769308886,12,0.3076923076923077,0.18565932306911137,0.4642125437414931,0,0.0,0.0,0.08966685370757144,0,0.0,0.0,0.08966685370757144,0.20000000000000004,0,0,,,0.6923076923076923,r1-distill-qwen-7b · agieval
r1-distill-qwen-7b,agieval,a stranger on the bus,flip,39,28,0.717948717948718,0.5622468051697918,0.8345650791115233,2,0.05128205128205128,0.014177955415274113,0.16885640047613612,2,0.05128205128205128,0.014177955415274113,0.16885640047613612,2,0.05128205128205128,0.014177955415274113,0.16885640047613612,0.20000000000000004,0,61,2.0,0.05128205128205128,0.717948717948718,r1-distill-qwen-7b · agieval
r1-distill-qwen-7b,agieval,a stranger on the bus,neg_other,39,28,0.717948717948718,0.5622468051697918,0.8345650791115233,20,0.5128205128205128,0.36199362884457964,0.6613482467013799,0,0.0,0.0,0.08966685370757144,2,0.05128205128205128,0.014177955415274113,0.16885640047613612,0.8000000000000002,0,61,,,0.717948717948718,r1-distill-qwen-7b · agieval
r1-distill-qwen-7b,agieval,a stranger on the bus,neg_own,39,27,0.6923076923076923,0.5357874562585069,0.8143406769308886,10,0.2564102564102564,0.14568780540992585,0.4108165592168397,10,0.2564102564102564,0.14568780540992585,0.4108165592168397,0,0.0,0.0,0.08966685370757144,0.8000000000000002,0,0,,,0.6923076923076923,r1-distill-qwen-7b · agieval
r1-distill-qwen-7b,agieval,a stranger on the bus,placebo,39,27,0.6923076923076923,0.5357874562585069,0.8143406769308886,12,0.3076923076923077,0.18565932306911137,0.4642125437414931,0,0.0,0.0,0.08966685370757144,0,0.0,0.0,0.08966685370757144,0.20000000000000004,0,0,,,0.6923076923076923,r1-distill-qwen-7b · agieval
r1-distill-qwen-7b,agieval,my best friend,flip,39,29,0.7435897435897436,0.5891834407831603,0.8543121945900741,3,0.07692307692307693,0.02650739530377974,0.20321071167954996,3,0.07692307692307693,0.02650739530377974,0.20321071167954996,3,0.07692307692307693,0.02650739530377974,0.20321071167954996,0.20000000000000004,0,61,3.0,0.07692307692307693,0.7435897435897436,r1-distill-qwen-7b · agieval
r1-distill-qwen-7b,agieval,my best friend,neg_other,39,23,0.5897435897435898,0.43418622882896973,0.7292068999927483,24,0.6153846153846154,0.45899061456925083,0.7510862653443866,0,0.0,0.0,0.08966685370757144,3,0.07692307692307693,0.02650739530377974,0.20321071167954996,0.8000000000000002,0,61,,,0.5897435897435898,r1-distill-qwen-7b · agieval
r1-distill-qwen-7b,agieval,my best friend,neg_own,39,21,0.5384615384615384,0.3856944827051576,0.6843311439327215,10,0.2564102564102564,0.14568780540992585,0.4108165592168397,10,0.2564102564102564,0.14568780540992585,0.4108165592168397,0,0.0,0.0,0.08966685370757144,0.8000000000000002,0,0,,,0.5384615384615384,r1-distill-qwen-7b · agieval
r1-distill-qwen-7b,agieval,my best friend,placebo,39,24,0.6153846153846154,0.45899061456925083,0.7510862653443866,15,0.38461538461538464,0.24891373465561348,0.5410093854307493,0,0.0,0.0,0.08966685370757144,0,0.0,0.0,0.08966685370757144,0.20000000000000004,0,0,,,0.6153846153846154,r1-distill-qwen-7b · agieval
r1-distill-qwen-7b,agieval,my dog,flip,39,25,0.6410256410256411,0.4841814855954854,0.7725791454100714,1,0.02564102564102564,0.004540703100990098,0.13180990169850076,1,0.02564102564102564,0.004540703100990098,0.13180990169850076,1,0.02564102564102564,0.004540703100990098,0.13180990169850076,0.20000000000000004,0,61,1.0,0.02564102564102564,0.6410256410256411,r1-distill-qwen-7b · agieval
r1-distill-qwen-7b,agieval,my dog,neg_other,39,24,0.6153846153846154,0.45899061456925083,0.7510862653443866,22,0.5641025641025641,0.40975691648669477,0.7069524612431037,0,0.0,0.0,0.08966685370757144,0,0.0,0.0,0.08966685370757144,0.8000000000000002,0,61,,,0.6153846153846154,r1-distill-qwen-7b · agieval
r1-distill-qwen-7b,agieval,my dog,neg_own,39,26,0.6666666666666666,0.5097739439934599,0.7936704381040163,9,0.23076923076923078,0.1264580412514285,0.3833625722834177,9,0.23076923076923078,0.1264580412514285,0.3833625722834177,0,0.0,0.0,0.08966685370757144,0.8000000000000002,0,0,,,0.6666666666666666,r1-distill-qwen-7b · agieval
r1-distill-qwen-7b,agieval,my dog,placebo,39,24,0.6153846153846154,0.45899061456925083,0.7510862653443866,15,0.38461538461538464,0.24891373465561348,0.5410093854307493,0,0.0,0.0,0.08966685370757144,0,0.0,0.0,0.08966685370757144,0.20000000000000004,0,0,,,0.6153846153846154,r1-distill-qwen-7b · agieval
r1-distill-qwen-7b,agieval,my horoscope,flip,39,29,0.7435897435897436,0.5891834407831603,0.8543121945900741,5,0.1282051282051282,0.056028175369713926,0.26705743379745456,5,0.1282051282051282,0.056028175369713926,0.26705743379745456,5,0.1282051282051282,0.056028175369713926,0.26705743379745456,0.20000000000000004,0,61,5.0,0.1282051282051282,0.7435897435897436,r1-distill-qwen-7b · agieval
r1-distill-qwen-7b,agieval,my horoscope,neg_other,39,30,0.7692307692307693,0.6166374277165825,0.8735419587485715,24,0.6153846153846154,0.45899061456925083,0.7510862653443866,0,0.0,0.0,0.08966685370757144,5,0.1282051282051282,0.056028175369713926,0.26705743379745456,0.8000000000000002,0,61,,,0.7692307692307693,r1-distill-qwen-7b · agieval
r1-distill-qwen-7b,agieval,my horoscope,neg_own,39,28,0.717948717948718,0.5622468051697918,0.8345650791115233,11,0.28205128205128205,0.16543492088847678,0.43775319483020825,11,0.28205128205128205,0.16543492088847678,0.43775319483020825,0,0.0,0.0,0.08966685370757144,0.8000000000000002,0,0,,,0.717948717948718,r1-distill-qwen-7b · agieval
r1-distill-qwen-7b,agieval,my horoscope,placebo,39,20,0.5128205128205128,0.36199362884457964,0.6613482467013799,19,0.48717948717948717,0.33865175329862,0.6380063711554202,0,0.0,0.0,0.08966685370757144,0,0.0,0.0,0.08966685370757144,0.20000000000000004,0,0,,,0.5128205128205128,r1-distill-qwen-7b · agieval
r1-distill-qwen-7b,agieval,my mom,flip,39,29,0.7435897435897436,0.5891834407831603,0.8543121945900741,6,0.15384615384615385,0.07247472376982099,0.29729463648926696,6,0.15384615384615385,0.07247472376982099,0.29729463648926696,6,0.15384615384615385,0.07247472376982099,0.29729463648926696,0.20000000000000004,0,61,6.0,0.15384615384615385,0.7435897435897436,r1-distill-qwen-7b · agieval
r1-distill-qwen-7b,agieval,my mom,neg_other,39,23,0.5897435897435898,0.43418622882896973,0.7292068999927483,20,0.5128205128205128,0.36199362884457964,0.6613482467013799,0,0.0,0.0,0.08966685370757144,1,0.02564102564102564,0.004540703100990098,0.13180990169850076,0.8000000000000002,0,61,,,0.5897435897435898,r1-distill-qwen-7b · agieval
r1-distill-qwen-7b,agieval,my mom,neg_own,39,23,0.5897435897435898,0.43418622882896973,0.7292068999927483,5,0.1282051282051282,0.056028175369713926,0.26705743379745456,5,0.1282051282051282,0.056028175369713926,0.26705743379745456,0,0.0,0.0,0.08966685370757144,0.8000000000000002,0,0,,,0.5897435897435898,r1-distill-qwen-7b · agieval
r1-distill-qwen-7b,agieval,my mom,placebo,39,23,0.5897435897435898,0.43418622882896973,0.7292068999927483,16,0.41025641025641024,0.27079310000725176,0.5658137711710304,0,0.0,0.0,0.08966685370757144,0,0.0,0.0,0.08966685370757144,0.20000000000000004,0,0,,,0.5897435897435898,r1-distill-qwen-7b · agieval
r1-distill-qwen-7b,agieval,my professor,flip,39,30,0.7692307692307693,0.6166374277165825,0.8735419587485715,7,0.1794871794871795,0.08977265473219115,0.32668045661881623,7,0.1794871794871795,0.08977265473219115,0.32668045661881623,7,0.1794871794871795,0.08977265473219115,0.32668045661881623,0.20000000000000004,0,61,7.0,0.1794871794871795,0.7692307692307693,r1-distill-qwen-7b · agieval
r1-distill-qwen-7b,agieval,my professor,neg_other,39,27,0.6923076923076923,0.5357874562585069,0.8143406769308886,21,0.5384615384615384,0.3856944827051576,0.6843311439327215,0,0.0,0.0,0.08966685370757144,4,0.10256410256410256,0.04061331344668381,0.23578854462856527,0.8000000000000002,0,61,,,0.6923076923076923,r1-distill-qwen-7b · agieval
r1-distill-qwen-7b,agieval,my professor,neg_own,39,25,0.6410256410256411,0.4841814855954854,0.7725791454100714,11,0.28205128205128205,0.16543492088847678,0.43775319483020825,11,0.28205128205128205,0.16543492088847678,0.43775319483020825,0,0.0,0.0,0.08966685370757144,0.8000000000000002,0,0,,,0.6410256410256411,r1-distill-qwen-7b · agieval
r1-distill-qwen-7b,agieval,my professor,placebo,39,21,0.5384615384615384,0.3856944827051576,0.6843311439327215,18,0.46153846153846156,0.31566885606727846,0.6143055172948425,0,0.0,0.0,0.08966685370757144,0,0.0,0.0,0.08966685370757144,0.20000000000000004,0,0,,,0.5384615384615384,r1-distill-qwen-7b · agieval
r1-distill-qwen-7b,agieval,my rock,flip,39,26,0.6666666666666666,0.5097739439934599,0.7936704381040163,4,0.10256410256410256,0.04061331344668381,0.23578854462856527,4,0.10256410256410256,0.04061331344668381,0.23578854462856527,4,0.10256410256410256,0.04061331344668381,0.23578854462856527,0.20000000000000004,0,61,4.0,0.10256410256410256,0.6666666666666666,r1-distill-qwen-7b · agieval
r1-distill-qwen-7b,agieval,my rock,neg_other,39,27,0.6923076923076923,0.5357874562585069,0.8143406769308886,23,0.5897435897435898,0.43418622882896973,0.7292068999927483,0,0.0,0.0,0.08966685370757144,1,0.02564102564102564,0.004540703100990098,0.13180990169850076,0.8000000000000002,0,61,,,0.6923076923076923,r1-distill-qwen-7b · agieval
r1-distill-qwen-7b,agieval,my rock,neg_own,39,25,0.6410256410256411,0.4841814855954854,0.7725791454100714,9,0.23076923076923078,0.1264580412514285,0.3833625722834177,9,0.23076923076923078,0.1264580412514285,0.3833625722834177,0,0.0,0.0,0.08966685370757144,0.8000000000000002,0,0,,,0.6410256410256411,r1-distill-qwen-7b · agieval
r1-distill-qwen-7b,agieval,my rock,placebo,39,21,0.5384615384615384,0.3856944827051576,0.6843311439327215,18,0.46153846153846156,0.31566885606727846,0.6143055172948425,0,0.0,0.0,0.08966685370757144,0,0.0,0.0,0.08966685370757144,0.20000000000000004,0,0,,,0.5384615384615384,r1-distill-qwen-7b · agieval
r1-distill-qwen-7b,logiqa2,a Stanford professor,flip,76,30,0.39473684210526316,0.29246582640329877,0.5071370336104144,8,0.10526315789473684,0.054311261828219104,0.1941994632232051,8,0.10526315789473684,0.054311261828219104,0.1941994632232051,8,0.10526315789473684,0.054311261828219104,0.1941994632232051,0.25,0,24,8.0,0.10526315789473684,0.39473684210526316,r1-distill-qwen-7b · logiqa2
r1-distill-qwen-7b,logiqa2,a Stanford professor,neg_other,76,33,0.4342105263157895,0.32860931819217054,0.5461424693164003,55,0.7236842105263158,0.6142463460107743,0.8115975764600853,0,0.0,0.0,0.048113585065137326,7,0.09210526315789473,0.04533400406377608,0.17812707848936227,0.75,0,24,,,0.4342105263157895,r1-distill-qwen-7b · logiqa2
r1-distill-qwen-7b,logiqa2,a Stanford professor,neg_own,76,40,0.5263157894736842,0.41552028690262677,0.6345789980939448,25,0.32894736842105265,0.23379273635816047,0.44056191116412347,25,0.32894736842105265,0.23379273635816047,0.44056191116412347,0,0.0,0.0,0.048113585065137326,0.75,0,0,,,0.5263157894736842,r1-distill-qwen-7b · logiqa2
r1-distill-qwen-7b,logiqa2,a Stanford professor,placebo,76,27,0.35526315789473684,0.2570177876603489,0.4674361448585067,49,0.6447368421052632,0.5325638551414933,0.7429822123396512,0,0.0,0.0,0.048113585065137326,0,0.0,0.0,0.048113585065137326,0.25,0,0,,,0.35526315789473684,r1-distill-qwen-7b · logiqa2
r1-distill-qwen-7b,logiqa2,a fortune cookie,flip,76,29,0.3815789473684211,0.28057076752897386,0.4939824499864535,7,0.09210526315789473,0.04533400406377608,0.17812707848936227,7,0.09210526315789473,0.04533400406377608,0.17812707848936227,7,0.09210526315789473,0.04533400406377608,0.17812707848936227,0.25,0,24,7.0,0.09210526315789473,0.3815789473684211,r1-distill-qwen-7b · logiqa2
r1-distill-qwen-7b,logiqa2,a fortune cookie,neg_other,76,32,0.42105263157894735,0.31648619118038757,0.5332159538298973,58,0.7631578947368421,0.6563861526536231,0.8446066973120941,0,0.0,0.0,0.048113585065137326,4,0.05263157894736842,0.020655429299384284,0.12765672575889647,0.75,0,24,,,0.42105263157894735,r1-distill-qwen-7b · logiqa2
r1-distill-qwen-7b,logiqa2,a fortune cookie,neg_own,76,33,0.4342105263157895,0.32860931819217054,0.5461424693164003,24,0.3157894736842105,0.22230854157063415,0.42699646345336384,24,0.3157894736842105,0.22230854157063415,0.42699646345336384,0,0.0,0.0,0.048113585065137326,0.75,0,0,,,0.4342105263157895,r1-distill-qwen-7b · logiqa2
r1-distill-qwen-7b,logiqa2,a fortune cookie,placebo,76,28,0.3684210526315789,0.26875422603103505,0.48074934898610644,48,0.631578947368421,0.5192506510138936,0.731245773968965,0,0.0,0.0,0.048113585065137326,0,0.0,0.0,0.048113585065137326,0.25,0,0,,,0.3684210526315789,r1-distill-qwen-7b · logiqa2
r1-distill-qwen-7b,logiqa2,a stranger on the bus,flip,76,35,0.4605263157894737,0.35307731232622985,0.5717737601789127,7,0.09210526315789473,0.04533400406377608,0.17812707848936227,7,0.09210526315789473,0.04533400406377608,0.17812707848936227,7,0.09210526315789473,0.04533400406377608,0.17812707848936227,0.25,0,24,7.0,0.09210526315789473,0.4605263157894737,r1-distill-qwen-7b · logiqa2
r1-distill-qwen-7b,logiqa2,a stranger on the bus,neg_other,76,31,0.40789473684210525,0.30443802768639416,0.5202144748256049,59,0.7763157894736842,0.6706543206862645,0.8553881717777385,0,0.0,0.0,0.048113585065137326,6,0.07894736842105263,0.036684005233471775,0.16172743482138074,0.75,0,24,,,0.40789473684210525,r1-distill-qwen-7b · logiqa2
r1-distill-qwen-7b,logiqa2,a stranger on the bus,neg_own,76,30,0.39473684210526316,0.29246582640329877,0.5071370336104144,21,0.27631578947368424,0.18840242353991465,0.3857536539892258,21,0.27631578947368424,0.18840242353991465,0.3857536539892258,0,0.0,0.0,0.048113585065137326,0.75,0,0,,,0.39473684210526316,r1-distill-qwen-7b · logiqa2
r1-distill-qwen-7b,logiqa2,a stranger on the bus,placebo,76,24,0.3157894736842105,0.22230854157063415,0.42699646345336384,52,0.6842105263157895,0.5730035365466362,0.7776914584293659,0,0.0,0.0,0.048113585065137326,0,0.0,0.0,0.048113585065137326,0.25,0,0,,,0.3157894736842105,r1-distill-qwen-7b · logiqa2
r1-distill-qwen-7b,logiqa2,my best friend,flip,76,38,0.5,0.39032595445464624,0.6096740455453538,9,0.11842105263157894,0.06356819004179068,0.2099921775079194,9,0.11842105263157894,0.06356819004179068,0.2099921775079194,9,0.11842105263157894,0.06356819004179068,0.2099921775079194,0.25,0,24,9.0,0.11842105263157894,0.5,r1-distill-qwen-7b · logiqa2
r1-distill-qwen-7b,logiqa2,my best friend,neg_other,76,30,0.39473684210526316,0.29246582640329877,0.5071370336104144,57,0.75,0.6422324815502948,0.8337107259171367,0,0.0,0.0,0.048113585065137326,7,0.09210526315789473,0.04533400406377608,0.17812707848936227,0.75,0,24,,,0.39473684210526316,r1-distill-qwen-7b · logiqa2
r1-distill-qwen-7b,logiqa2,my best friend,neg_own,76,26,0.34210526315789475,0.24536326817494702,0.4540410218456228,16,0.21052631578947367,0.1339514670987436,0.31495639793896757,16,0.21052631578947367,0.1339514670987436,0.31495639793896757,0,0.0,0.0,0.048113585065137326,0.75,0,0,,,0.34210526315789475,r1-distill-qwen-7b · logiqa2
r1-distill-qwen-7b,logiqa2,my best friend,placebo,76,21,0.27631578947368424,0.18840242353991465,0.3857536539892258,55,0.7236842105263158,0.6142463460107743,0.8115975764600853,0,0.0,0.0,0.048113585065137326,0,0.0,0.0,0.048113585065137326,0.25,0,0,,,0.27631578947368424,r1-distill-qwen-7b · logiqa2
r1-distill-qwen-7b,logiqa2,my dog,flip,76,39,0.5131578947368421,0.4028869302897975,0.6221627122084885,5,0.06578947368421052,0.028426532219532126,0.14493526533703452,5,0.06578947368421052,0.028426532219532126,0.14493526533703452,5,0.06578947368421052,0.028426532219532126,0.14493526533703452,0.25,0,24,5.0,0.06578947368421052,0.5131578947368421,r1-distill-qwen-7b · logiqa2
r1-distill-qwen-7b,logiqa2,my dog,neg_other,76,32,0.42105263157894735,0.31648619118038757,0.5332159538298973,59,0.7763157894736842,0.6706543206862645,0.8553881717777385,0,0.0,0.0,0.048113585065137326,4,0.05263157894736842,0.020655429299384284,0.12765672575889647,0.75,0,24,,,0.42105263157894735,r1-distill-qwen-7b · logiqa2
r1-distill-qwen-7b,logiqa2,my dog,neg_own,76,33,0.4342105263157895,0.32860931819217054,0.5461424693164003,20,0.2631578947368421,0.17729398962172482,0.3718124454091297,20,0.2631578947368421,0.17729398962172482,0.3718124454091297,0,0.0,0.0,0.048113585065137326,0.75,0,0,,,0.4342105263157895,r1-distill-qwen-7b · logiqa2
r1-distill-qwen-7b,logiqa2,my dog,placebo,76,26,0.34210526315789475,0.24536326817494702,0.4540410218456228,50,0.6578947368421053,0.5459589781543774,0.7546367318250531,0,0.0,0.0,0.048113585065137326,0,0.0,0.0,0.048113585065137326,0.25,0,0,,,0.34210526315789475,r1-distill-qwen-7b · logiqa2
r1-distill-qwen-7b,logiqa2,my horoscope,flip,76,39,0.5131578947368421,0.4028869302897975,0.6221627122084885,11,0.14473684210526316,0.08278516269157667,0.24087448985470516,11,0.14473684210526316,0.08278516269157667,0.24087448985470516,11,0.14473684210526316,0.08278516269157667,0.24087448985470516,0.25,0,24,11.0,0.14473684210526316,0.5131578947368421,r1-distill-qwen-7b · logiqa2
r1-distill-qwen-7b,logiqa2,my horoscope,neg_other,76,32,0.42105263157894735,0.31648619118038757,0.5332159538298973,58,0.7631578947368421,0.6563861526536231,0.8446066973120941,0,0.0,0.0,0.048113585065137326,8,0.10526315789473684,0.054311261828219104,0.1941994632232051,0.75,0,24,,,0.42105263157894735,r1-distill-qwen-7b · logiqa2
r1-distill-qwen-7b,logiqa2,my horoscope,neg_own,76,29,0.3815789473684211,0.28057076752897386,0.4939824499864535,19,0.25,0.1662892740828634,0.35776751844970534,19,0.25,0.1662892740828634,0.35776751844970534,0,0.0,0.0,0.048113585065137326,0.75,0,0,,,0.3815789473684211,r1-distill-qwen-7b · logiqa2
r1-distill-qwen-7b,logiqa2,my horoscope,placebo,76,17,0.2236842105263158,0.14461182822226148,0.3293456793137355,59,0.7763157894736842,0.6706543206862645,0.8553881717777385,0,0.0,0.0,0.048113585065137326,0,0.0,0.0,0.048113585065137326,0.25,0,0,,,0.2236842105263158,r1-distill-qwen-7b · logiqa2
r1-distill-qwen-7b,logiqa2,my mom,flip,76,31,0.40789473684210525,0.30443802768639416,0.5202144748256049,10,0.13157894736842105,0.07306881567918964,0.22554119436880626,10,0.13157894736842105,0.07306881567918964,0.22554119436880626,10,0.13157894736842105,0.07306881567918964,0.22554119436880626,0.25,0,24,10.0,0.13157894736842105,0.40789473684210525,r1-distill-qwen-7b · logiqa2
r1-distill-qwen-7b,logiqa2,my mom,neg_other,76,34,0.4473684210526316,0.3408065806517214,0.5589948493551352,58,0.7631578947368421,0.6563861526536231,0.8446066973120941,0,0.0,0.0,0.048113585065137326,10,0.13157894736842105,0.07306881567918964,0.22554119436880626,0.75,0,24,,,0.4473684210526316,r1-distill-qwen-7b · logiqa2
r1-distill-qwen-7b,logiqa2,my mom,neg_own,76,31,0.40789473684210525,0.30443802768639416,0.5202144748256049,14,0.18421052631578946,0.11302595895203016,0.28578262108910923,14,0.18421052631578946,0.11302595895203016,0.28578262108910923,0,0.0,0.0,0.048113585065137326,0.75,0,0,,,0.40789473684210525,r1-distill-qwen-7b · logiqa2
r1-distill-qwen-7b,logiqa2,my mom,placebo,76,27,0.35526315789473684,0.2570177876603489,0.4674361448585067,49,0.6447368421052632,0.5325638551414933,0.7429822123396512,0,0.0,0.0,0.048113585065137326,0,0.0,0.0,0.048113585065137326,0.25,0,0,,,0.35526315789473684,r1-distill-qwen-7b · logiqa2
r1-distill-qwen-7b,logiqa2,my professor,flip,76,43,0.5657894736842105,0.4538575306835998,0.6713906818078296,16,0.21052631578947367,0.1339514670987436,0.31495639793896757,16,0.21052631578947367,0.1339514670987436,0.31495639793896757,16,0.21052631578947367,0.1339514670987436,0.31495639793896757,0.25,0,24,16.0,0.21052631578947367,0.5657894736842105,r1-distill-qwen-7b · logiqa2
r1-distill-qwen-7b,logiqa2,my professor,neg_other,76,40,0.5263157894736842,0.41552028690262677,0.6345789980939448,56,0.7368421052631579,0.6281875545908703,0.8227060103782752,0,0.0,0.0,0.048113585065137326,6,0.07894736842105263,0.036684005233471775,0.16172743482138074,0.75,0,24,,,0.5263157894736842,r1-distill-qwen-7b · logiqa2
r1-distill-qwen-7b,logiqa2,my professor,neg_own,76,37,0.4868421052631579,0.3778372877915117,0.5971130697102026,25,0.32894736842105265,0.23379273635816047,0.44056191116412347,25,0.32894736842105265,0.23379273635816047,0.44056191116412347,0,0.0,0.0,0.048113585065137326,0.75,0,0,,,0.4868421052631579,r1-distill-qwen-7b · logiqa2
r1-distill-qwen-7b,logiqa2,my professor,placebo,76,17,0.2236842105263158,0.14461182822226148,0.3293456793137355,59,0.7763157894736842,0.6706543206862645,0.8553881717777385,0,0.0,0.0,0.048113585065137326,0,0.0,0.0,0.048113585065137326,0.25,0,0,,,0.2236842105263158,r1-distill-qwen-7b · logiqa2
r1-distill-qwen-7b,logiqa2,my rock,flip,76,30,0.39473684210526316,0.29246582640329877,0.5071370336104144,5,0.06578947368421052,0.028426532219532126,0.14493526533703452,5,0.06578947368421052,0.028426532219532126,0.14493526533703452,5,0.06578947368421052,0.028426532219532126,0.14493526533703452,0.25,0,24,5.0,0.06578947368421052,0.39473684210526316,r1-distill-qwen-7b · logiqa2
r1-distill-qwen-7b,logiqa2,my rock,neg_other,76,39,0.5131578947368421,0.4028869302897975,0.6221627122084885,53,0.6973684210526315,0.5866579842518127,0.7890866532224752,0,0.0,0.0,0.048113585065137326,6,0.07894736842105263,0.036684005233471775,0.16172743482138074,0.75,0,24,,,0.5131578947368421,r1-distill-qwen-7b · logiqa2
r1-distill-qwen-7b,logiqa2,my rock,neg_own,76,30,0.39473684210526316,0.29246582640329877,0.5071370336104144,18,0.23684210526315788,0.15539330268790585,0.3436138473463769,18,0.23684210526315788,0.15539330268790585,0.3436138473463769,0,0.0,0.0,0.048113585065137326,0.75,0,0,,,0.39473684210526316,r1-distill-qwen-7b · logiqa2
r1-distill-qwen-7b,logiqa2,my rock,placebo,76,32,0.42105263157894735,0.31648619118038757,0.5332159538298973,44,0.5789473684210527,0.4667840461701027,0.6835138088196124,0,0.0,0.0,0.048113585065137326,0,0.0,0.0,0.048113585065137326,0.25,0,0,,,0.42105263157894735,r1-distill-qwen-7b · logiqa2
r1-distill-qwen-7b,medqa,a Stanford professor,flip,70,38,0.5428571428571428,0.42698259205475575,0.6542725740243641,5,0.07142857142857142,0.03089421703784702,0.1565541221709532,5,0.07142857142857142,0.03089421703784702,0.1565541221709532,5,0.07142857142857142,0.03089421703784702,0.1565541221709532,0.25,0,30,5.0,0.07142857142857142,0.5428571428571428,r1-distill-qwen-7b · medqa
r1-distill-qwen-7b,medqa,a Stanford professor,neg_other,70,37,0.5285714285714286,0.4132188746832562,0.6409512360361571,49,0.7,0.5845568276122731,0.79463394742362,0,0.0,0.0,0.05202306241026692,5,0.07142857142857142,0.03089421703784702,0.1565541221709532,0.75,0,30,,,0.5285714285714286,r1-distill-qwen-7b · medqa
r1-distill-qwen-7b,medqa,a Stanford professor,neg_own,70,35,0.5,0.3859571764530239,0.6140428235469761,16,0.22857142857142856,0.14588063222572434,0.33950331593984906,16,0.22857142857142856,0.14588063222572434,0.33950331593984906,0,0.0,0.0,0.05202306241026692,0.75,0,0,,,0.5,r1-distill-qwen-7b · medqa
r1-distill-qwen-7b,medqa,a Stanford professor,placebo,70,29,0.4142857142857143,0.30630178568736466,0.5311878821543955,41,0.5857142857142857,0.46881211784560456,0.6936982143126353,0,0.0,0.0,0.05202306241026692,0,0.0,0.0,0.05202306241026692,0.25,0,0,,,0.4142857142857143,r1-distill-qwen-7b · medqa
r1-distill-qwen-7b,medqa,a fortune cookie,flip,70,33,0.4714285714285714,0.3590487639638429,0.5867811253167438,7,0.1,0.04928930144253951,0.192329148485674,7,0.1,0.04928930144253951,0.192329148485674,7,0.1,0.04928930144253951,0.192329148485674,0.25,0,30,7.0,0.1,0.4714285714285714,r1-distill-qwen-7b · medqa
r1-distill-qwen-7b,medqa,a fortune cookie,neg_other,70,35,0.5,0.3859571764530239,0.6140428235469761,52,0.7428571428571429,0.6297386985284517,0.8307072425865616,0,0.0,0.0,0.05202306241026692,3,0.04285714285714286,0.014681541004111405,0.11859668748527552,0.75,0,30,,,0.5,r1-distill-qwen-7b · medqa
r1-distill-qwen-7b,medqa,a fortune cookie,neg_own,70,33,0.4714285714285714,0.3590487639638429,0.5867811253167438,11,0.15714285714285714,0.09007620559861788,0.2598824657684222,11,0.15714285714285714,0.09007620559861788,0.2598824657684222,0,0.0,0.0,0.05202306241026692,0.75,0,0,,,0.4714285714285714,r1-distill-qwen-7b · medqa
r1-distill-qwen-7b,medqa,a fortune cookie,placebo,70,28,0.4,0.2933425772556162,0.5170620352264372,42,0.6,0.48293796477356277,0.7066574227443838,0,0.0,0.0,0.05202306241026692,0,0.0,0.0,0.05202306241026692,0.25,0,0,,,0.4,r1-distill-qwen-7b · medqa
r1-distill-qwen-7b,medqa,a stranger on the bus,flip,70,37,0.5285714285714286,0.4132188746832562,0.6409512360361571,7,0.1,0.04928930144253951,0.192329148485674,7,0.1,0.04928930144253951,0.192329148485674,7,0.1,0.04928930144253951,0.192329148485674,0.25,0,30,7.0,0.1,0.5285714285714286,r1-distill-qwen-7b · medqa
r1-distill-qwen-7b,medqa,a stranger on the bus,neg_other,70,34,0.4857142857142857,0.37245878383038566,0.6004561608099076,50,0.7142857142857143,0.5994980341827975,0.8067777962128025,0,0.0,0.0,0.05202306241026692,5,0.07142857142857142,0.03089421703784702,0.1565541221709532,0.75,0,30,,,0.4857142857142857,r1-distill-qwen-7b · medqa
r1-distill-qwen-7b,medqa,a stranger on the bus,neg_own,70,33,0.4714285714285714,0.3590487639638429,0.5867811253167438,20,0.2857142857142857,0.19322220378719757,0.40050196581720254,20,0.2857142857142857,0.19322220378719757,0.40050196581720254,0,0.0,0.0,0.05202306241026692,0.75,0,0,,,0.4714285714285714,r1-distill-qwen-7b · medqa
r1-distill-qwen-7b,medqa,a stranger on the bus,placebo,70,27,0.38571428571428573,0.280476913015389,0.5028426441069578,43,0.6142857142857143,0.4971573558930424,0.7195230869846111,0,0.0,0.0,0.05202306241026692,0,0.0,0.0,0.05202306241026692,0.25,0,0,,,0.38571428571428573,r1-distill-qwen-7b · medqa
r1-distill-qwen-7b,medqa,my best friend,flip,70,32,0.45714285714285713,0.3457274259756359,0.5730174079452441,13,0.18571428571428572,0.11187300001902034,0.29225578206743313,13,0.18571428571428572,0.11187300001902034,0.29225578206743313,13,0.18571428571428572,0.11187300001902034,0.29225578206743313,0.25,0,30,13.0,0.18571428571428572,0.45714285714285713,r1-distill-qwen-7b · medqa
r1-distill-qwen-7b,medqa,my best friend,neg_other,70,35,0.5,0.3859571764530239,0.6140428235469761,50,0.7142857142857143,0.5994980341827975,0.8067777962128025,0,0.0,0.0,0.05202306241026692,4,0.05714285714285714,0.02244377910071125,0.1379195047483823,0.75,0,30,,,0.5,r1-distill-qwen-7b · medqa
r1-distill-qwen-7b,medqa,my best friend,neg_own,70,34,0.4857142857142857,0.37245878383038566,0.6004561608099076,21,0.3,0.2053660525763799,0.4154431723877268,21,0.3,0.2053660525763799,0.4154431723877268,0,0.0,0.0,0.05202306241026692,0.75,0,0,,,0.4857142857142857,r1-distill-qwen-7b · medqa
r1-distill-qwen-7b,medqa,my best friend,placebo,70,29,0.4142857142857143,0.30630178568736466,0.5311878821543955,41,0.5857142857142857,0.46881211784560456,0.6936982143126353,0,0.0,0.0,0.05202306241026692,0,0.0,0.0,0.05202306241026692,0.25,0,0,,,0.4142857142857143,r1-distill-qwen-7b · medqa
r1-distill-qwen-7b,medqa,my dog,flip,70,32,0.45714285714285713,0.3457274259756359,0.5730174079452441,4,0.05714285714285714,0.02244377910071125,0.1379195047483823,4,0.05714285714285714,0.02244377910071125,0.1379195047483823,4,0.05714285714285714,0.02244377910071125,0.1379195047483823,0.25,0,30,4.0,0.05714285714285714,0.45714285714285713,r1-distill-qwen-7b · medqa
r1-distill-qwen-7b,medqa,my dog,neg_other,70,40,0.5714285714285714,0.45477836559850204,0.6806469112000313,47,0.6714285714285714,0.5550093573883407,0.770011306928139,0,0.0,0.0,0.05202306241026692,8,0.11428571428571428,0.059061289466376454,0.20964221582154374,0.75,0,30,,,0.5714285714285714,r1-distill-qwen-7b · medqa
r1-distill-qwen-7b,medqa,my dog,neg_own,70,29,0.4142857142857143,0.30630178568736466,0.5311878821543955,19,0.2714285714285714,0.1811959968818828,0.38544311736281056,19,0.2714285714285714,0.1811959968818828,0.38544311736281056,0,0.0,0.0,0.05202306241026692,0.75,0,0,,,0.4142857142857143,r1-distill-qwen-7b · medqa
r1-distill-qwen-7b,medqa,my dog,placebo,70,27,0.38571428571428573,0.280476913015389,0.5028426441069578,43,0.6142857142857143,0.4971573558930424,0.7195230869846111,0,0.0,0.0,0.05202306241026692,0,0.0,0.0,0.05202306241026692,0.25,0,0,,,0.38571428571428573,r1-distill-qwen-7b · medqa
r1-distill-qwen-7b,medqa,my horoscope,flip,70,39,0.5571428571428572,0.44083551053188,0.6675047109069467,11,0.15714285714285714,0.09007620559861788,0.2598824657684222,11,0.15714285714285714,0.09007620559861788,0.2598824657684222,11,0.15714285714285714,0.09007620559861788,0.2598824657684222,0.25,0,30,11.0,0.15714285714285714,0.5571428571428572,r1-distill-qwen-7b · medqa
r1-distill-qwen-7b,medqa,my horoscope,neg_other,70,36,0.5142857142857142,0.39954383919009234,0.6275412161696143,48,0.6857142857142857,0.5697286201420141,0.7823770995341724,0,0.0,0.0,0.05202306241026692,9,0.12857142857142856,0.06914100115337508,0.22664755949425175,0.75,0,30,,,0.5142857142857142,r1-distill-qwen-7b · medqa
r1-distill-qwen-7b,medqa,my horoscope,neg_own,70,28,0.4,0.2933425772556162,0.5170620352264372,18,0.2571428571428571,0.16929275741343847,0.3702613014715483,18,0.2571428571428571,0.16929275741343847,0.3702613014715483,0,0.0,0.0,0.05202306241026692,0.75,0,0,,,0.4,r1-distill-qwen-7b · medqa
r1-distill-qwen-7b,medqa,my horoscope,placebo,70,30,0.42857142857142855,0.3193530887999687,0.545221634401498,40,0.5714285714285714,0.45477836559850204,0.6806469112000313,0,0.0,0.0,0.05202306241026692,0,0.0,0.0,0.05202306241026692,0.25,0,0,,,0.42857142857142855,r1-distill-qwen-7b · medqa
r1-distill-qwen-7b,medqa,my mom,flip,70,34,0.4857142857142857,0.37245878383038566,0.6004561608099076,6,0.08571428571428572,0.039876669645112064,0.1746567249233948,6,0.08571428571428572,0.039876669645112064,0.1746567249233948,6,0.08571428571428572,0.039876669645112064,0.1746567249233948,0.25,0,30,6.0,0.08571428571428572,0.4857142857142857,r1-distill-qwen-7b · medqa
r1-distill-qwen-7b,medqa,my mom,neg_other,70,35,0.5,0.3859571764530239,0.6140428235469761,48,0.6857142857142857,0.5697286201420141,0.7823770995341724,0,0.0,0.0,0.05202306241026692,1,0.014285714285714285,0.002526246457890312,0.07658187131208327,0.75,0,30,,,0.5,r1-distill-qwen-7b · medqa
r1-distill-qwen-7b,medqa,my mom,neg_own,70,32,0.45714285714285713,0.3457274259756359,0.5730174079452441,15,0.21428571428571427,0.1343870301710779,0.3239118626347889,15,0.21428571428571427,0.1343870301710779,0.3239118626347889,0,0.0,0.0,0.05202306241026692,0.75,0,0,,,0.45714285714285713,r1-distill-qwen-7b · medqa
r1-distill-qwen-7b,medqa,my mom,placebo,70,27,0.38571428571428573,0.280476913015389,0.5028426441069578,43,0.6142857142857143,0.4971573558930424,0.7195230869846111,0,0.0,0.0,0.05202306241026692,0,0.0,0.0,0.05202306241026692,0.25,0,0,,,0.38571428571428573,r1-distill-qwen-7b · medqa
r1-distill-qwen-7b,medqa,my professor,flip,70,37,0.5285714285714286,0.4132188746832562,0.6409512360361571,9,0.12857142857142856,0.06914100115337508,0.22664755949425175,9,0.12857142857142856,0.06914100115337508,0.22664755949425175,9,0.12857142857142856,0.06914100115337508,0.22664755949425175,0.25,0,30,9.0,0.12857142857142856,0.5285714285714286,r1-distill-qwen-7b · medqa
r1-distill-qwen-7b,medqa,my professor,neg_other,70,38,0.5428571428571428,0.42698259205475575,0.6542725740243641,47,0.6714285714285714,0.5550093573883407,0.770011306928139,0,0.0,0.0,0.05202306241026692,10,0.14285714285714285,0.07948941717066599,0.2433841988366675,0.75,0,30,,,0.5428571428571428,r1-distill-qwen-7b · medqa
r1-distill-qwen-7b,medqa,my professor,neg_own,70,35,0.5,0.3859571764530239,0.6140428235469761,22,0.3142857142857143,0.21762290046582755,0.4302713798579859,22,0.3142857142857143,0.21762290046582755,0.4302713798579859,0,0.0,0.0,0.05202306241026692,0.75,0,0,,,0.5,r1-distill-qwen-7b · medqa
r1-distill-qwen-7b,medqa,my professor,placebo,70,28,0.4,0.2933425772556162,0.5170620352264372,42,0.6,0.48293796477356277,0.7066574227443838,0,0.0,0.0,0.05202306241026692,0,0.0,0.0,0.05202306241026692,0.25,0,0,,,0.4,r1-distill-qwen-7b · medqa
r1-distill-qwen-7b,medqa,my rock,flip,70,36,0.5142857142857142,0.39954383919009234,0.6275412161696143,8,0.11428571428571428,0.059061289466376454,0.20964221582154374,8,0.11428571428571428,0.059061289466376454,0.20964221582154374,8,0.11428571428571428,0.059061289466376454,0.20964221582154374,0.25,0,30,8.0,0.11428571428571428,0.5142857142857142,r1-distill-qwen-7b · medqa
r1-distill-qwen-7b,medqa,my rock,neg_other,70,43,0.6142857142857143,0.4971573558930424,0.7195230869846111,49,0.7,0.5845568276122731,0.79463394742362,0,0.0,0.0,0.05202306241026692,7,0.1,0.04928930144253951,0.192329148485674,0.75,0,30,,,0.6142857142857143,r1-distill-qwen-7b · medqa
r1-distill-qwen-7b,medqa,my rock,neg_own,70,35,0.5,0.3859571764530239,0.6140428235469761,21,0.3,0.2053660525763799,0.4154431723877268,21,0.3,0.2053660525763799,0.4154431723877268,0,0.0,0.0,0.05202306241026692,0.75,0,0,,,0.5,r1-distill-qwen-7b · medqa
r1-distill-qwen-7b,medqa,my rock,placebo,70,28,0.4,0.2933425772556162,0.5170620352264372,42,0.6,0.48293796477356277,0.7066574227443838,0,0.0,0.0,0.05202306241026692,0,0.0,0.0,0.05202306241026692,0.25,0,0,,,0.4,r1-distill-qwen-7b · medqa
r1-distill-qwen-7b,mmlu,a Stanford professor,flip,89,25,0.2808988764044944,0.1980948950798778,0.38183415283263744,6,0.06741573033707865,0.03126138505292331,0.13936776082563224,6,0.06741573033707865,0.03126138505292331,0.13936776082563224,6,0.06741573033707865,0.03126138505292331,0.13936776082563224,0.25,0,11,6.0,0.06741573033707865,0.2808988764044944,r1-distill-qwen-7b · mmlu
r1-distill-qwen-7b,mmlu,a Stanford professor,neg_other,89,18,0.20224719101123595,0.13193782732624643,0.29719651983691514,80,0.898876404494382,0.818863100692257,0.9458814531080358,0,0.0,3.469446951953614e-18,0.04137654523625252,5,0.056179775280898875,0.024232878420720118,0.12485416735078494,0.75,0,11,,,0.20224719101123595,r1-distill-qwen-7b · mmlu
r1-distill-qwen-7b,mmlu,a Stanford professor,neg_own,89,32,0.3595505617977528,0.26757786703977027,0.46314588162209835,23,0.25842696629213485,0.1788154348613038,0.3580294128371103,23,0.25842696629213485,0.1788154348613038,0.3580294128371103,0,0.0,3.469446951953614e-18,0.04137654523625252,0.75,0,0,,,0.3595505617977528,r1-distill-qwen-7b · mmlu
r1-distill-qwen-7b,mmlu,a Stanford professor,placebo,89,13,0.14606741573033707,0.08739460273413961,0.23402924389376945,76,0.8539325842696629,0.7659707561062306,0.9126053972658603,0,0.0,3.469446951953614e-18,0.04137654523625252,0,0.0,3.469446951953614e-18,0.04137654523625252,0.25,0,0,,,0.14606741573033707,r1-distill-qwen-7b · mmlu
r1-distill-qwen-7b,mmlu,a fortune cookie,flip,89,26,0.29213483146067415,0.20783608917845903,0.39363505884110656,9,0.10112359550561797,0.054118546891964145,0.1811368993077429,9,0.10112359550561797,0.054118546891964145,0.1811368993077429,9,0.10112359550561797,0.054118546891964145,0.1811368993077429,0.25,0,11,9.0,0.10112359550561797,0.29213483146067415,r1-distill-qwen-7b · mmlu
r1-distill-qwen-7b,mmlu,a fortune cookie,neg_other,89,17,0.19101123595505617,0.1228195648849351,0.28477268217117596,81,0.9101123595505618,0.832539083053294,0.9537475708540494,0,0.0,3.469446951953614e-18,0.04137654523625252,6,0.06741573033707865,0.03126138505292331,0.13936776082563224,0.75,0,11,,,0.19101123595505617,r1-distill-qwen-7b · mmlu
r1-distill-qwen-7b,mmlu,a fortune cookie,neg_own,89,22,0.24719101123595505,0.16928236444786654,0.3460203831434971,17,0.19101123595505617,0.1228195648849351,0.28477268217117596,17,0.19101123595505617,0.1228195648849351,0.28477268217117596,0,0.0,3.469446951953614e-18,0.04137654523625252,0.75,0,0,,,0.24719101123595505,r1-distill-qwen-7b · mmlu
r1-distill-qwen-7b,mmlu,a fortune cookie,placebo,89,15,0.16853932584269662,0.10488254073159327,0.2596255061104168,74,0.8314606741573034,0.7403744938895832,0.8951174592684067,0,0.0,3.469446951953614e-18,0.04137654523625252,0,0.0,3.469446951953614e-18,0.04137654523625252,0.25,0,0,,,0.16853932584269662,r1-distill-qwen-7b · mmlu
r1-distill-qwen-7b,mmlu,a stranger on the bus,flip,89,21,0.23595505617977527,0.1598243870081069,0.3339362604762063,9,0.10112359550561797,0.054118546891964145,0.1811368993077429,9,0.10112359550561797,0.054118546891964145,0.1811368993077429,9,0.10112359550561797,0.054118546891964145,0.1811368993077429,0.25,0,11,9.0,0.10112359550561797,0.23595505617977527,r1-distill-qwen-7b · mmlu
r1-distill-qwen-7b,mmlu,a stranger on the bus,neg_other,89,22,0.24719101123595505,0.16928236444786654,0.3460203831434971,79,0.8876404494382022,0.8053898870598024,0.93781256663344,0,0.0,3.469446951953614e-18,0.04137654523625252,6,0.06741573033707865,0.03126138505292331,0.13936776082563224,0.75,0,11,,,0.24719101123595505,r1-distill-qwen-7b · mmlu
r1-distill-qwen-7b,mmlu,a stranger on the bus,neg_own,89,14,0.15730337078651685,0.09607809666620552,0.24688785006875402,12,0.1348314606741573,0.07884271200737804,0.22103903451348056,12,0.1348314606741573,0.07884271200737804,0.22103903451348056,0,0.0,3.469446951953614e-18,0.04137654523625252,0.75,0,0,,,0.15730337078651685,r1-distill-qwen-7b · mmlu
r1-distill-qwen-7b,mmlu,a stranger on the bus,placebo,89,12,0.1348314606741573,0.07884271200737804,0.22103903451348056,77,0.8651685393258427,0.7789609654865195,0.921157287992622,0,0.0,3.469446951953614e-18,0.04137654523625252,0,0.0,3.469446951953614e-18,0.04137654523625252,0.25,0,0,,,0.1348314606741573,r1-distill-qwen-7b · mmlu
r1-distill-qwen-7b,mmlu,my best friend,flip,89,22,0.24719101123595505,0.16928236444786654,0.3460203831434971,6,0.06741573033707865,0.03126138505292331,0.13936776082563224,6,0.06741573033707865,0.03126138505292331,0.13936776082563224,6,0.06741573033707865,0.03126138505292331,0.13936776082563224,0.25,0,11,6.0,0.06741573033707865,0.24719101123595505,r1-distill-qwen-7b · mmlu
r1-distill-qwen-7b,mmlu,my best friend,neg_other,89,22,0.24719101123595505,0.16928236444786654,0.3460203831434971,77,0.8651685393258427,0.7789609654865195,0.921157287992622,0,0.0,3.469446951953614e-18,0.04137654523625252,7,0.07865168539325842,0.03861982216517404,0.15355142382043202,0.75,0,11,,,0.24719101123595505,r1-distill-qwen-7b · mmlu
r1-distill-qwen-7b,mmlu,my best friend,neg_own,89,18,0.20224719101123595,0.13193782732624643,0.29719651983691514,14,0.15730337078651685,0.09607809666620552,0.24688785006875402,14,0.15730337078651685,0.09607809666620552,0.24688785006875402,0,0.0,3.469446951953614e-18,0.04137654523625252,0.75,0,0,,,0.20224719101123595,r1-distill-qwen-7b · mmlu
r1-distill-qwen-7b,mmlu,my best friend,placebo,89,10,0.11235955056179775,0.06218743336655998,0.1946101129401976,79,0.8876404494382022,0.8053898870598024,0.93781256663344,0,0.0,3.469446951953614e-18,0.04137654523625252,0,0.0,3.469446951953614e-18,0.04137654523625252,0.25,0,0,,,0.11235955056179775,r1-distill-qwen-7b · mmlu
r1-distill-qwen-7b,mmlu,my dog,flip,89,18,0.20224719101123595,0.13193782732624643,0.29719651983691514,4,0.0449438202247191,0.017614486067325956,0.10993045959712858,4,0.0449438202247191,0.017614486067325956,0.10993045959712858,4,0.0449438202247191,0.017614486067325956,0.10993045959712858,0.25,0,11,4.0,0.0449438202247191,0.20224719101123595,r1-distill-qwen-7b · mmlu
r1-distill-qwen-7b,mmlu,my dog,neg_other,89,22,0.24719101123595505,0.16928236444786654,0.3460203831434971,81,0.9101123595505618,0.832539083053294,0.9537475708540494,0,0.0,3.469446951953614e-18,0.04137654523625252,7,0.07865168539325842,0.03861982216517404,0.15355142382043202,0.75,0,11,,,0.24719101123595505,r1-distill-qwen-7b · mmlu
r1-distill-qwen-7b,mmlu,my dog,neg_own,89,20,0.2247191011235955,0.15044495557388762,0.32177359180337495,16,0.1797752808988764,0.11379892749560451,0.2722512194534561,16,0.1797752808988764,0.11379892749560451,0.2722512194534561,0,0.0,3.469446951953614e-18,0.04137654523625252,0.75,0,0,,,0.2247191011235955,r1-distill-qwen-7b · mmlu
r1-distill-qwen-7b,mmlu,my dog,placebo,89,11,0.12359550561797752,0.07043517008332338,0.20790447633048464,78,0.8764044943820225,0.7920955236695154,0.9295648299166767,0,0.0,3.469446951953614e-18,0.04137654523625252,0,0.0,3.469446951953614e-18,0.04137654523625252,0.25,0,0,,,0.12359550561797752,r1-distill-qwen-7b · mmlu
r1-distill-qwen-7b,mmlu,my horoscope,flip,89,21,0.23595505617977527,0.1598243870081069,0.3339362604762063,6,0.06741573033707865,0.03126138505292331,0.13936776082563224,6,0.06741573033707865,0.03126138505292331,0.13936776082563224,6,0.06741573033707865,0.03126138505292331,0.13936776082563224,0.25,0,11,6.0,0.06741573033707865,0.23595505617977527,r1-distill-qwen-7b · mmlu
r1-distill-qwen-7b,mmlu,my horoscope,neg_other,89,22,0.24719101123595505,0.16928236444786654,0.3460203831434971,77,0.8651685393258427,0.7789609654865195,0.921157287992622,0,0.0,3.469446951953614e-18,0.04137654523625252,7,0.07865168539325842,0.03861982216517404,0.15355142382043202,0.75,0,11,,,0.24719101123595505,r1-distill-qwen-7b · mmlu
r1-distill-qwen-7b,mmlu,my horoscope,neg_own,89,17,0.19101123595505617,0.1228195648849351,0.28477268217117596,14,0.15730337078651685,0.09607809666620552,0.24688785006875402,14,0.15730337078651685,0.09607809666620552,0.24688785006875402,0,0.0,3.469446951953614e-18,0.04137654523625252,0.75,0,0,,,0.19101123595505617,r1-distill-qwen-7b · mmlu
r1-distill-qwen-7b,mmlu,my horoscope,placebo,89,10,0.11235955056179775,0.06218743336655998,0.1946101129401976,79,0.8876404494382022,0.8053898870598024,0.93781256663344,0,0.0,3.469446951953614e-18,0.04137654523625252,0,0.0,3.469446951953614e-18,0.04137654523625252,0.25,0,0,,,0.11235955056179775,r1-distill-qwen-7b · mmlu
r1-distill-qwen-7b,mmlu,my mom,flip,89,22,0.24719101123595505,0.16928236444786654,0.3460203831434971,8,0.0898876404494382,0.04625242914595065,0.16746091694670592,8,0.0898876404494382,0.04625242914595065,0.16746091694670592,8,0.0898876404494382,0.04625242914595065,0.16746091694670592,0.25,0,11,8.0,0.0898876404494382,0.24719101123595505,r1-distill-qwen-7b · mmlu
r1-distill-qwen-7b,mmlu,my mom,neg_other,89,23,0.25842696629213485,0.1788154348613038,0.3580294128371103,77,0.8651685393258427,0.7789609654865195,0.921157287992622,0,0.0,3.469446951953614e-18,0.04137654523625252,6,0.06741573033707865,0.03126138505292331,0.13936776082563224,0.75,0,11,,,0.25842696629213485,r1-distill-qwen-7b · mmlu
r1-distill-qwen-7b,mmlu,my mom,neg_own,89,20,0.2247191011235955,0.15044495557388762,0.32177359180337495,18,0.20224719101123595,0.13193782732624643,0.29719651983691514,18,0.20224719101123595,0.13193782732624643,0.29719651983691514,0,0.0,3.469446951953614e-18,0.04137654523625252,0.75,0,0,,,0.2247191011235955,r1-distill-qwen-7b · mmlu
r1-distill-qwen-7b,mmlu,my mom,placebo,89,15,0.16853932584269662,0.10488254073159327,0.2596255061104168,74,0.8314606741573034,0.7403744938895832,0.8951174592684067,0,0.0,3.469446951953614e-18,0.04137654523625252,0,0.0,3.469446951953614e-18,0.04137654523625252,0.25,0,0,,,0.16853932584269662,r1-distill-qwen-7b · mmlu
r1-distill-qwen-7b,mmlu,my professor,flip,89,32,0.3595505617977528,0.26757786703977027,0.46314588162209835,20,0.2247191011235955,0.15044495557388762,0.32177359180337495,20,0.2247191011235955,0.15044495557388762,0.32177359180337495,20,0.2247191011235955,0.15044495557388762,0.32177359180337495,0.25,0,11,20.0,0.2247191011235955,0.3595505617977528,r1-distill-qwen-7b · mmlu
r1-distill-qwen-7b,mmlu,my professor,neg_other,89,23,0.25842696629213485,0.1788154348613038,0.3580294128371103,80,0.898876404494382,0.818863100692257,0.9458814531080358,0,0.0,3.469446951953614e-18,0.04137654523625252,6,0.06741573033707865,0.03126138505292331,0.13936776082563224,0.75,0,11,,,0.25842696629213485,r1-distill-qwen-7b · mmlu
r1-distill-qwen-7b,mmlu,my professor,neg_own,89,39,0.43820224719101125,0.33980052533459154,0.5417179240766308,33,0.3707865168539326,0.277736316499798,0.4745295322691212,33,0.3707865168539326,0.277736316499798,0.4745295322691212,0,0.0,3.469446951953614e-18,0.04137654523625252,0.75,0,0,,,0.43820224719101125,r1-distill-qwen-7b · mmlu
r1-distill-qwen-7b,mmlu,my professor,placebo,89,8,0.0898876404494382,0.04625242914595065,0.16746091694670592,81,0.9101123595505618,0.832539083053294,0.9537475708540494,0,0.0,3.469446951953614e-18,0.04137654523625252,0,0.0,3.469446951953614e-18,0.04137654523625252,0.25,0,0,,,0.0898876404494382,r1-distill-qwen-7b · mmlu
r1-distill-qwen-7b,mmlu,my rock,flip,89,31,0.34831460674157305,0.25747482821846146,0.4517068203363568,9,0.10112359550561797,0.054118546891964145,0.1811368993077429,9,0.10112359550561797,0.054118546891964145,0.1811368993077429,9,0.10112359550561797,0.054118546891964145,0.1811368993077429,0.25,0,11,9.0,0.10112359550561797,0.34831460674157305,r1-distill-qwen-7b · mmlu
r1-distill-qwen-7b,mmlu,my rock,neg_other,89,13,0.14606741573033707,0.08739460273413961,0.23402924389376945,82,0.9213483146067416,0.846448576179568,0.961380177834826,0,0.0,3.469446951953614e-18,0.04137654523625252,4,0.0449438202247191,0.017614486067325956,0.10993045959712858,0.75,0,11,,,0.14606741573033707,r1-distill-qwen-7b · mmlu
r1-distill-qwen-7b,mmlu,my rock,neg_own,89,18,0.20224719101123595,0.13193782732624643,0.29719651983691514,16,0.1797752808988764,0.11379892749560451,0.2722512194534561,16,0.1797752808988764,0.11379892749560451,0.2722512194534561,0,0.0,3.469446951953614e-18,0.04137654523625252,0.75,0,0,,,0.20224719101123595,r1-distill-qwen-7b · mmlu
r1-distill-qwen-7b,mmlu,my rock,placebo,89,15,0.16853932584269662,0.10488254073159327,0.2596255061104168,74,0.8314606741573034,0.7403744938895832,0.8951174592684067,0,0.0,3.469446951953614e-18,0.04137654523625252,0,0.0,3.469446951953614e-18,0.04137654523625252,0.25,0,0,,,0.16853932584269662,r1-distill-qwen-7b · mmlu
