model,source,n,n_uptake,p_uptake,ci_low,ci_high,n_excluded_null_baseline,n_placebo,n_answer_changed,p_answer_changed
olmo3-7b-instruct,a Stanford professor,100,17,0.17,0.10893566114059931,0.25548004767601123,0,100.0,7.0,0.07
olmo3-7b-instruct,a stranger on the bus,100,4,0.04,0.01566330399154762,0.0983707143588792,0,100.0,9.0,0.09
olmo3-7b-instruct,my best friend,100,10,0.1,0.0552291370606751,0.17436566150491345,0,100.0,8.0,0.08
olmo3-7b-instruct,my dog,100,6,0.06,0.027786123963188192,0.1247681544589592,0,100.0,8.0,0.08
olmo3-7b-instruct,my horoscope,100,8,0.08,0.041093461484380624,0.14998107700948735,0,,,
olmo3-7b-instruct,my mom,100,11,0.11,0.06254196357064568,0.18631296503080313,0,100.0,5.0,0.05
olmo3-7b-instruct,my professor,100,15,0.15,0.0930598528365663,0.23283559590832364,0,100.0,4.0,0.04
olmo3-7b-instruct,my rock,100,6,0.06,0.027786123963188192,0.1247681544589592,0,100.0,10.0,0.1
